"gene","baseMean","log2FoldChange","lfcSE","stat","pvalue","padj","...8"
"ABHD12",2755.16890495015,0.272921496443351,0.0816357710202405,3.34316063941729,0.000828299359933598,0.0268569234784888,"Up"
"ABTB1",288.469387154183,0.919578650259549,0.280700840089467,3.2760096121068,0.00105284977516932,0.0294237662222487,"Up"
"AGBL3",483.034772193377,0.487133421067102,0.137714975309305,3.53725816653571,0.000404304254235204,0.0206587234767224,"Up"
"AGER",58.479286825378,0.720978037352419,0.247112288892544,2.91761304378486,0.00352721769552558,0.0485558408806027,"Up"
"AKTIP",1773.33630183339,0.295206925530505,0.0868791544642537,3.39790283815397,0.000679045323457423,0.0258570611989648,"Up"
"ALDH2",932.541329043843,0.306898426887325,0.0831018718094097,3.69303867897443,0.000221590303999018,0.0165261786485421,"Up"
"ARIH2OS",207.951654039206,0.604282827044486,0.195275663356387,3.09451171056397,0.00197137152129661,0.0384861901059594,"Up"
"ARPC1B",22.8393519228411,1.14546845116845,0.391613161143472,2.92499988464073,0.00344456350865105,0.0478504329418418,"Up"
"ARPC3",3967.7015350115,0.304251832088088,0.0816165582340564,3.72781992614253,0.000193143298260029,0.0151203610637851,"Up"
"ATP5F1E",10148.5033734465,0.627034049868383,0.195440130336516,3.20831780447922,0.00133513873774681,0.0328032917164928,"Up"
"ATP5IF1",7275.0479481319,0.524446769345473,0.141928677018001,3.69514308428985,0.000219762993056782,0.0164874569314743,"Up"
"ATP5MG",2372.24858127984,0.959797768604385,0.291653280619156,3.29088624193362,0.000998722918583223,0.0290766920990994,"Up"
"ATP5MPL",5340.56289476653,0.841028703657085,0.260678937421892,3.22630095079731,0.00125401422959201,0.0319304956561166,"Up"
"ATP5PD",4304.81656552959,0.599533296184852,0.18970857992544,3.16028561502322,0.00157614549499293,0.0354838266208747,"Up"
"ATP5S",1671.58732210792,0.254871848302013,0.0760543991926779,3.35117824882576,0.000804684884015881,0.0268434683223781,"Up"
"ATP6V0E1",5227.54264675663,0.473100231835668,0.131926081269353,3.5861008474112,0.000335659196037138,0.0195863356798708,"Up"
"ATP6V1E1",4244.9335075793,0.535521073227498,0.157128636730357,3.40816979241338,0.000654001863132962,0.0254967276560037,"Up"
"AXDND1",23.8135043745195,1.87285594999156,0.55945825439049,3.3476241261861,0.000815074775738748,0.0268548597210832,"Up"
"BAK1",652.12440753637,0.336459284161493,0.104533834955999,3.21866393118667,0.00128789330618976,0.0321451382532856,"Up"
"BANP",1019.73531611578,0.743698776064365,0.222408043222461,3.34384838465796,0.000826248793392253,0.0268569234784888,"Up"
"BEX2",2548.40679610703,0.693422023645003,0.223496006733454,3.10261482421918,0.00191819118624394,0.0383098495659146,"Up"
"BEX3",11794.904267459,0.534385240907233,0.144477667735281,3.69873939193399,0.000216672931047711,0.0163529678019482,"Up"
"BLCAP",3301.87468167906,0.435348470294391,0.143016878543422,3.04403560424662,0.00233427512669047,0.0406794355199295,"Up"
"BLOC1S1",583.455739346948,0.915717865613645,0.301539699013991,3.03680698962016,0.00239098500676031,0.0406794355199295,"Up"
"BMF",937.243624802586,0.281555001741251,0.0960667936274456,2.93082542999346,0.00338062697128247,0.0477696701319779,"Up"
"BMI1",1193.84744261768,0.36522146250752,0.108192783667215,3.37565455040779,0.000736403186657761,0.0266229907014699,"Up"
"C15orf40",631.337708222131,0.491061967493348,0.127810659500881,3.84210494970463,0.000121983653052363,0.0121888701471769,"Up"
"C16orf91",1530.76038097239,0.378853394656983,0.109058985635736,3.4738393397714,0.000513068140927435,0.0229926226516987,"Up"
"C17orf75",1208.60680709849,0.401492482899136,0.124212327973175,3.23230785100366,0.00122794688183239,0.031715251021753,"Up"
"C19orf18",31.9500454860615,1.6933751673392,0.377826876984491,4.48188117492953,7.39879382369955e-06,0.00282589082890634,"Up"
"C19orf25",1599.83449709266,0.577998898174406,0.194280601743898,2.97507261654628,0.00292919198887771,0.0450598763218542,"Up"
"C1QTNF12",42.3270611132976,1.66003658346715,0.48171907960171,3.44606774728474,0.000568807740747589,0.0242204485283196,"Up"
"C1orf210",789.854347328538,0.429826407654977,0.13215880350173,3.2523479046884,0.00114455833099863,0.0309309169984168,"Up"
"C20orf204",108.197880355543,2.45223252345097,0.580838917612499,4.22188054053044,2.42272508152363e-05,0.00576151451462714,"Up"
"C8orf76",136.754742103873,0.939857447627476,0.316495637098186,2.96957473488302,0.00298212264294472,0.0453945335648252,"Up"
"C9orf116",447.793971148542,0.574914808876157,0.18615429648353,3.0883778657616,0.00201252397962053,0.038709277249964,"Up"
"CALML6",26.8670576393946,1.87231278491876,0.559250641959432,3.34789563827552,0.000814276684831524,0.0268548597210832,"Up"
"CARD9",294.687180762384,1.22065015205395,0.341864466065192,3.57056750034143,0.000356208642522664,0.0201329763693079,"Up"
"CASP7",699.138635687649,0.339626409777189,0.10292199445629,3.29984287198617,0.000967389752807013,0.0290766920990994,"Up"
"CCAR2",3741.01621375666,0.302151188080907,0.0770460973922804,3.92169361340268,8.79287540925954e-05,0.0108652354566968,"Up"
"CCDC144NL",34.6110327962002,1.31559277831015,0.370643783435378,3.54948022091816,0.000385992461176908,0.0206587234767224,"Up"
"CCNE1",511.954705128085,0.508153040158799,0.170882036797157,2.97370659715389,0.0029422626319332,0.0450598763218542,"Up"
"CDKN2D",427.454695422477,0.477664528150544,0.101422281740248,4.70966063822038,2.48129586069966e-06,0.00135975013166341,"Up"
"CEACAM19",100.938128014377,0.65194661090053,0.183771300322811,3.54759752885966,0.000388761787992114,0.0206587234767224,"Up"
"CENPH",1155.08894671292,0.554068505848154,0.164441666890816,3.36939241935584,0.000753340923794855,0.0266229907014699,"Up"
"CHCHD7",965.042994557256,0.33910798224505,0.116434966739483,2.91242391990188,0.00358635552649303,0.049038524003605,"Up"
"CHTOP",2810.09611446981,0.223508231326914,0.0656992523094067,3.40199048650227,0.00066896966507974,0.0257968782681767,"Up"
"CIRBP",22740.016500629,0.662218112178695,0.171255853146466,3.86683491402968,0.000110257010366531,0.0118592694540537,"Up"
"CKS1B",1596.48921906293,0.664507591742406,0.218908942997151,3.03554337545293,0.00240102684917891,0.0406794355199295,"Up"
"CLTB",3124.61969932531,0.501928304743523,0.171612617467236,2.92477506695772,0.00344705284230611,0.0478504329418418,"Up"
"CNEP1R1",262.812028508459,0.492285786837329,0.138672411141996,3.54999082213438,0.000385244581726302,0.0206587234767224,"Up"
"CNIH4",1348.86857355959,0.324615036431615,0.096590079268162,3.3607492497277,0.000777313597123209,0.0266229907014699,"Up"
"COX14",2299.98611770164,0.772859583667228,0.231999048339951,3.33130497386674,0.000864398453266366,0.0275830687787381,"Up"
"COX6A1",4992.47727415734,0.725114296888523,0.204690316600937,3.54249438336744,0.000396361863444481,0.0206587234767224,"Up"
"COX7C",17261.8719927889,0.393314114015887,0.132862886752124,2.96030083065767,0.0030733877263006,0.0460606170062935,"Up"
"COX8A",9114.2452230925,0.830052667687417,0.274790264754266,3.02067712780764,0.0025221014256026,0.041937422649466,"Up"
"CRAMP1",574.763720703433,0.342150932823837,0.102708120234608,3.33129388447856,0.000864432891748774,0.0275830687787381,"Up"
"CTSL",2991.1353105471,0.43056158612372,0.134591107140978,3.19903443303076,0.00137888698882688,0.0329996584988851,"Up"
"CYSTM1",1055.1499098878,0.473449275485338,0.143210150163669,3.30597569337265,0.00094646297667786,0.0289217086162809,"Up"
"DAP3",5946.85016797774,0.27213481256876,0.0921624557242977,2.95277301836278,0.0031493343959607,0.0467540762387382,"Up"
"DAZAP2",5684.233788331,0.217028441132076,0.0726113026063262,2.98890714450794,0.00279977204014233,0.0443320688366255,"Up"
"DCTN3",2559.16589044392,0.648352917433153,0.19381872821853,3.34515102535466,0.000822377769601743,0.0268569234784888,"Up"
"DDB2",1054.70484039487,0.755723550637889,0.254799219132255,2.96595709049495,0.00301742585737431,0.0456562250976541,"Up"
"DENND2A",24.6312868293863,1.89766767802577,0.535819437421956,3.54161783894257,0.000397681182395397,0.0206587234767224,"Up"
"DGUOK",1357.9148050581,0.449576716834021,0.130816566068708,3.4366955986132,0.000588856997528382,0.0246514714438557,"Up"
"DHRS1",1130.5999270213,0.316955950322711,0.0986688864183336,3.21231911931072,0.00131668031403402,0.0324763966303028,"Up"
"DLGAP2",52.6130189963429,0.956759515135819,0.287357443698061,3.32951011403459,0.000869989044274171,0.0276205085995759,"Up"
"DNASE1L3",242.672828894386,0.540360599767609,0.172852978051805,3.12612837717878,0.00177124211668821,0.0372700094135862,"Up"
"DNTTIP1",1056.59542950618,0.283887212304709,0.0740213293065027,3.8352082428729,0.000125457952782782,0.0122579227664666,"Up"
"DSN1",1183.11586775155,0.660467586427316,0.221130527730745,2.98677705518579,0.00281935244144266,0.0444594521657526,"Up"
"DYNLT3",1198.95385417682,0.28615086473196,0.096817217750489,2.95557826779747,0.00312083502387439,0.0464952773533248,"Up"
"EEF1AKMT2",574.253682196427,0.547112864304639,0.183523391360616,2.98116147619343,0.00287157333741158,0.0447937009217024,"Up"
"EFHB",48.147810375539,1.56892978547689,0.530493893553014,2.95748886941731,0.0031015594650873,0.0463176013009008,"Up"
"EID2B",260.673037228133,0.405862017703192,0.131803784052363,3.07928957139767,0.00207494894387956,0.039151490094271,"Up"
"ELOC",3163.89595105113,0.368034592465341,0.12353660179116,2.97915425168896,0.00289045229084589,0.0449011170285432,"Up"
"EMC10",7752.99072691584,0.267443591287359,0.0589917994904699,4.53357235407888,5.79943875740627e-06,0.00231738905742252,"Up"
"EMC7",2830.53578788432,0.423159046175185,0.0860420379185785,4.91805001847609,8.74105800975075e-07,0.000786944965392132,"Up"
"ENPP3",206.833806310543,0.543109097828745,0.172622215086419,3.14622945579078,0.00165390195879507,0.0361146402382001,"Up"
"ENSA",9939.32167560138,0.283661872563862,0.0646824523080021,4.38545327893775,1.157445002763e-05,0.003558155320689,"Up"
"ERH",5979.77851129436,0.3145046544914,0.0826126448803055,3.80697960883681,0.000140674339227563,0.0127558228174403,"Up"
"FAM177A1",2810.68633293468,0.311776094718134,0.0728338447444609,4.28064858874342,1.86349416274328e-05,0.00493463226754126,"Up"
"FBXO2",1274.53065359879,0.619360741744046,0.188229114706396,3.2904619602028,0.00100023024635482,0.0290766920990994,"Up"
"FCHSD1",43.248116340691,0.918623412833951,0.293735444692774,3.12738360123602,0.00176369642258732,0.0371732938299174,"Up"
"FKBP6",18.4275729481446,1.99844098157486,0.649917989061565,3.07491255082887,0.00210564282963781,0.039151490094271,"Up"
"GALT",698.798224126449,0.321109628775064,0.104144965362733,3.08329478680654,0.00204722251078334,0.0389776322143705,"Up"
"GATM",48.5800395415336,0.688859214206219,0.212619477453174,3.23986881379637,0.00119584703761,0.0314701229996594,"Up"
"GCA",800.587612774482,0.346353109969934,0.10541262948932,3.28568893165714,0.0010173329094738,0.0290766920990994,"Up"
"GDPGP1",293.127775856449,0.735242430259371,0.229846106617313,3.1988465720828,0.00137978578458525,0.0329996584988851,"Up"
"GINS1",1736.19177161534,0.355530853031024,0.121558815634184,2.92476404262566,0.00344717495328407,0.0478504329418418,"Up"
"GLOD4",2952.17139164252,0.281186430992395,0.0906219712009586,3.10285052582724,0.00191666419350149,0.0383098495659146,"Up"
"GNG10",35.957291107574,0.912768432458928,0.287296163299028,3.17709927615318,0.00148756105475036,0.034588553932995,"Up"
"GOLT1A",219.406008501192,0.478047445566063,0.143368568693832,3.33439504851966,0.000854851533170675,0.0274860936838857,"Up"
"GPN2",1160.73626489875,0.306166998823172,0.0943826651290323,3.24389016144655,0.00117909204783849,0.0313657552114161,"Up"
"GRB7",347.641658757663,0.539635164947401,0.182370017516408,2.95901251914312,0.00308626563196657,0.0461986841155661,"Up"
"HDAC8",434.784075549162,0.562327590460584,0.130810362772869,4.29880002272429,1.71725326523307e-05,0.0047052739467386,"Up"
"HELLS",938.755382006494,0.65467528317755,0.19465571884091,3.36324710661396,0.000770313781224409,0.0266229907014699,"Up"
"HES1",549.210022228152,0.734330300248334,0.1853673783753,3.96148614003477,7.44847064180562e-05,0.0105483734796987,"Up"
"HEXA",737.922681485607,0.659122782263973,0.192772601096632,3.41917253029942,0.000628118862592723,0.0250260218951799,"Up"
"HIGD1A",2095.86821773039,0.550212056935376,0.144795691347568,3.7999200930271,0.000144742752124728,0.012800367374734,"Up"
"HLA-A",2586.48102733281,0.661111210577822,0.171138621145748,3.86301587655539,0.000111995725934945,0.0118621355435634,"Up"
"HLA-B",1358.01588925651,0.803049508308123,0.225214447423375,3.56571044839984,0.000362871838495373,0.0203272740106475,"Up"
"HMGB1",13589.7807924076,0.314100812266113,0.0981232839091171,3.20108336933603,0.00136911912456822,0.0329996584988851,"Up"
"HMGB2",6101.59376421822,0.486169749405728,0.1660200388838,2.92837992735326,0.00340733410122979,0.0478504329418418,"Up"
"HMGCS2",572.486630956988,0.498761124461323,0.160375758176886,3.10995333790544,0.00187116901285482,0.0382868300643603,"Up"
"HMGN2",9314.23014706119,0.441880377244389,0.115037535090161,3.84118433081917,0.000122442122560805,0.0121888701471769,"Up"
"HMGN3",1872.01268322796,0.571855801462317,0.182090506162126,3.14050311306818,0.00168657915005631,0.0363970922812828,"Up"
"HOXB7",139.625839519503,0.853161309426478,0.274878738957196,3.10377336807897,0.00191069629565873,0.0382868300643603,"Up"
"HOXC4",526.532341145264,0.716321587516211,0.20627813140263,3.47260071945309,0.000515441565928707,0.0229926226516987,"Up"
"HSBP1L1",1608.38192472531,0.314989420757216,0.0757036648798863,4.16082129256209,3.17105155644818e-05,0.00634411647896394,"Up"
"HYKK",361.57108290513,0.585706866278731,0.196143369988694,2.98611605537568,0.00282545391818215,0.0444594521657526,"Up"
"IDH3B",2412.79944351668,0.206963941826773,0.0543513037611834,3.80789286557247,0.000140155965695733,0.0127558228174403,"Up"
"IGIP",557.352089162495,0.57636615727356,0.162510869294723,3.54663143317686,0.000390190054400299,0.0206587234767224,"Up"
"IKBIP",165.139584971152,0.327070814593888,0.0970505042366485,3.3701093793017,0.000751383521405086,0.0266229907014699,"Up"
"IL3RA",34.4994941794799,1.32359077095309,0.420910416807484,3.14459019805745,0.00166319631141193,0.0361429763948896,"Up"
"INPP5J",489.143995105889,0.419132410413091,0.135371224911904,3.09617062773756,0.00196037519198624,0.0384861901059594,"Up"
"ISCU",1987.85513608394,0.321364205587277,0.109611505482918,2.93184738382558,0.00336952287573822,0.0477696701319779,"Up"
"ITGAE",1032.64051903407,0.393434037548963,0.102445207135787,3.84043381382872,0.000122817082568349,0.0121888701471769,"Up"
"KCNAB3",78.7766238395164,0.982321551377607,0.338303646008272,2.90366823700619,0.00368818755850489,0.0497707879950703,"Up"
"KISS1",10.400174754691,2.55016824620433,0.733946509619729,3.47459687154261,0.000511621594895506,0.0229926226516987,"Up"
"KLK15",204.629408638575,0.404789424444487,0.11635159937717,3.47901899596848,0.000503252912294207,0.0229926226516987,"Up"
"KRT10",1943.51515103478,0.653394807430306,0.183068778712825,3.56912200990464,0.000358179596794709,0.0201539983839309,"Up"
"KRTCAP2",46.9439702913637,0.725736229497987,0.24652119853476,2.94391003212511,0.00324094197279305,0.047365906951775,"Up"
"LAMTOR5",4101.72081384047,0.440128589345514,0.135606474647221,3.24563108428639,0.00117190597575221,0.0313603034360528,"Up"
"LCN2",29.2495457684635,2.21088436390726,0.736353265657134,3.00247784184705,0.00267791467546916,0.0434954079505325,"Up"
"LPXN",211.849950228989,0.562764658311889,0.166104728446549,3.3880110673248,0.00070401423528033,0.0262660619147912,"Up"
"LRR1",439.837579608813,0.500751009894643,0.137708382810631,3.63631465038152,0.000276566478873203,0.0181554369776971,"Up"
"LSM3",3454.59318923,0.376653920911804,0.104202894713179,3.61462051460811,0.000300787876412847,0.0186548007177368,"Up"
"LSM8",1526.8297446176,0.455983432173433,0.124072150244622,3.67514733382482,0.000237712195180304,0.0168491405120037,"Up"
"LTB4R",460.553859070189,1.98471775733581,0.477498538985797,4.15648969639014,3.23174739845979e-05,0.00636452253284174,"Up"
"LTN1",934.261035755051,0.348682352790283,0.114843002118566,3.03616542895925,0.00239607862422956,0.0406794355199295,"Up"
"LYRM9",296.451407731129,0.733725981717183,0.246907602278593,2.971662172189,0.0029619239985509,0.0451962349609389,"Up"
"MAGEF1",5596.54358079202,0.333948970841672,0.106098587830571,3.14753454942261,0.00164653646439681,0.0360294194396829,"Up"
"MEAF6",3424.4097965323,0.198751595951119,0.059210197611612,3.35671225512243,0.000788751530029823,0.0267358582656317,"Up"
"MFSD11",882.622916037568,0.266623205389721,0.0900498710044634,2.96083939283495,0.00306801882116868,0.0460606170062935,"Up"
"MGME1",1202.43287147746,0.308938453346092,0.100473777768728,3.07481673533976,0.00210631936992385,0.039151490094271,"Up"
"MGST1",6824.21453043087,0.439927385864145,0.13591009043052,3.23690010410996,0.00120835703189421,0.0315323644513346,"Up"
"MMP10",125.153914663724,0.659916683416437,0.225608997695097,2.92504594301816,0.00344405372110107,0.0478504329418418,"Up"
"MORN2",441.369214571948,0.594492867415945,0.191295153561054,3.10772571259211,0.00188532956749786,0.0382868300643603,"Up"
"MORN3",129.401975025838,0.555375388506952,0.174893005348203,3.17551515225683,0.0014957071004958,0.0345906280635763,"Up"
"MRPS6",931.885062894051,0.552893887896501,0.141458191901236,3.90853212857776,9.2858599800873e-05,0.0111465694465734,"Up"
"MSMB",42.6272437802238,1.09406639487277,0.359979824281499,3.03924364943637,0.00237172953601578,0.0406794355199295,"Up"
"MSRA",238.144126058736,0.484887689942449,0.123394811112664,3.92956304702091,8.51003622146224e-05,0.0108328950154837,"Up"
"MTCH2",5994.58945795569,0.161794411090751,0.050982764704651,3.17351191187933,0.00150606721635142,0.0346114548185242,"Up"
"MTHFD2L",1788.91326036497,0.462530798993113,0.152195249087395,3.03906200598623,0.00237316004369834,0.0406794355199295,"Up"
"MTX2",1197.05404196074,0.325700245713624,0.0989870325933831,3.29033245244889,0.00100069076244725,0.0290766920990994,"Up"
"MUC1",29.6268124719378,1.34653549353062,0.4023626162816,3.34657206967812,0.000818174082267213,0.0268548597210832,"Up"
"MYL6",22342.7257024864,0.918438100320638,0.277605557579999,3.30842836262731,0.000938211842117429,0.0287718298249345,"Up"
"MYPOP",229.870739374041,0.790950447796297,0.215174957871316,3.67584804301121,0.000237060605200313,0.0168491405120037,"Up"
"NDUFAB1",5377.05512523128,0.588629670409243,0.185919566180357,3.16604477141597,0.00154527007627442,0.0349669372376351,"Up"
"NDUFAF6",691.921410493856,0.378980468421925,0.109936376673171,3.44727086602638,0.000566280527874002,0.0241945755027929,"Up"
"NDUFB1",3805.82575847459,1.04413488842527,0.320093038288536,3.26197312508895,0.00110639632215943,0.0305631344722993,"Up"
"NDUFB3",1662.28405656928,0.459334335033759,0.150455481035547,3.05295846899214,0.00226597296595338,0.0400565543658855,"Up"
"NDUFB6",2490.96061829854,0.558642350861235,0.171800500391752,3.2516922220097,0.00114720173775452,0.0309309169984168,"Up"
"NDUFC1",1902.8379522811,0.3413570563538,0.110417598203037,3.09150952302106,0.00199141594528301,0.0384861901059594,"Up"
"NDUFC2",2666.47531752389,1.32693599819435,0.404496369966873,3.28046453989939,0.00103636291557051,0.0290920226900908,"Up"
"NECAP1",2148.81753703823,0.214710108179471,0.0705542290178563,3.04319260756334,0.00234082455983304,0.0406794355199295,"Up"
"NEU1",1819.63113858387,0.261136150646324,0.0844369677776655,3.09267560784434,0.00198360834208966,0.0384861901059594,"Up"
"NHLRC3",487.462315079858,0.393148283575329,0.11653632544899,3.37361146458508,0.000741890029899201,0.0266229907014699,"Up"
"OARD1",794.430180055004,0.374754378834072,0.105339591923945,3.55758335483816,0.00037428235149163,0.0205106728617413,"Up"
"OAZ3",225.862245059192,0.585729143921107,0.188242306954045,3.11157015337737,0.00186095251338074,0.0382868300643603,"Up"
"OCIAD2",2826.75877326091,0.475735746599489,0.124281001874727,3.82790401930476,0.000129239131902179,0.0124345802938554,"Up"
"ORMDL1",1094.33643473914,0.381245053531402,0.10712480965674,3.55888663655997,0.000372430229333384,0.0204982996092488,"Up"
"OSCP1",641.756655379758,0.474248714660991,0.15945601119037,2.97416642446172,0.00293785688181609,0.0450598763218542,"Up"
"PAAF1",1105.64668681398,0.217892389111078,0.0689545580602506,3.15994178253872,0.00157800666248015,0.0354838266208747,"Up"
"PCLAF",1139.67242752819,0.872980284450493,0.25668114989163,3.40102997364264,0.000671324664547917,0.0257968782681767,"Up"
"PDCD2L",345.084780876135,0.419248163351935,0.137185450974772,3.05606870388197,0.0022425986243135,0.0397914256264182,"Up"
"PDCD5",2836.92136181676,0.451577254026131,0.145567371152206,3.10218732708966,0.00192096357709124,0.0383098495659146,"Up"
"PEX2",1945.85881825707,0.247403481154508,0.0752760889253701,3.28661444406055,0.00101399561622778,0.0290766920990994,"Up"
"PHF1",880.785855147538,0.359879622265621,0.120260765673654,2.99249402121895,0.00276708086972058,0.0442031524486163,"Up"
"PHYH",1821.46294007962,0.212165913563917,0.0721347035753474,2.94124607225012,0.00326894736540766,0.0474743438544047,"Up"
"PIFO",292.926445121646,0.540556284812461,0.123206856034345,4.38738802540156,1.14720020358188e-05,0.003558155320689,"Up"
"PKIB",6623.61980167944,0.409925501891109,0.129942224159804,3.15467512228342,0.00160676916071042,0.0359344069741569,"Up"
"PLPP5",3520.32821161963,0.243262010318506,0.0777193767837217,3.13000464472918,0.00174803539193407,0.0369722920909493,"Up"
"PMEL",150.674214231489,0.490541599669932,0.15851783778064,3.09455141792152,0.00197110765629226,0.0384861901059594,"Up"
"POLG2",351.188733702006,0.607587558842748,0.208725239632806,2.91094435877342,0.00360338180344526,0.0490994856763503,"Up"
"POLR2K",2470.50996714551,0.47601661517436,0.141903452168122,3.35451046399064,0.000795055460862837,0.0267937941944257,"Up"
"PPIA",53675.3282556511,0.335668180473654,0.109368868521323,3.06913827501298,0.00214677203359887,0.0392712840514952,"Up"
"PRPF3",1519.20876681782,0.302638689468499,0.0937797507140091,3.22712192306232,0.00125042167013202,0.0319304956561166,"Up"
"PRR13",2740.90096021203,0.713152614729444,0.204230091296328,3.49190763321305,0.000479584060351269,0.0225408895294416,"Up"
"PRR15L",1847.54817113978,0.311534438855878,0.0966616148883811,3.22293848717114,0.00126882798420709,0.031976369985317,"Up"
"PSENEN",757.704270394094,0.621277959850835,0.188903982738773,3.28885580305617,0.00100595547028882,0.0290766920990994,"Up"
"PSMA7",7931.39766541483,0.208238026432701,0.0657258033551136,3.16828423241327,0.00153341524445313,0.0348865807600853,"Up"
"PSMB2",4616.11792724988,0.266087554127124,0.083004724206782,3.20569168405698,0.00134738271926973,0.0328282286401239,"Up"
"PSMD10",3379.06130097954,0.338237732494536,0.108224124822321,3.12534504714032,0.00177596607931502,0.0373071274394775,"Up"
"PSMG4",850.161425403759,0.450062262298094,0.141680537682485,3.17659905629884,0.00149012891031548,0.034588553932995,"Up"
"RAD51C",1449.80132871862,0.430885617226512,0.136850678972551,3.1485822391348,0.00164064552206753,0.0360294194396829,"Up"
"RAPGEF6",564.912502865034,0.288776488329273,0.0879075446853771,3.28500232105002,0.00101981531541402,0.0290766920990994,"Up"
"RBM3",17896.517694399,0.271209013705111,0.0709289847768336,3.82366975304138,0.000131479995938387,0.0125125811304436,"Up"
"RBX1",2502.79866440422,0.494939391109577,0.164571017288078,3.00745173278716,0.00263447957259308,0.0430116328147191,"Up"
"RENBP",63.3017171001423,0.734062608521804,0.23621427899053,3.10761318773296,0.00188604746972986,0.0382868300643603,"Up"
"RHBDD2",4892.42303900449,0.837657421656499,0.225423667334485,3.71592491401348,0.000202461705368327,0.0157520205831012,"Up"
"RNF144B",535.330152842338,0.369809849482155,0.112664211917525,3.28240745830515,0.00102924762883999,0.0290766920990994,"Up"
"RPA2",2016.17439270745,0.176562452431878,0.0585867800543149,3.01369101132012,0.00258090516046599,0.0425225211013247,"Up"
"RPL21",40898.6863874001,1.08968784486926,0.374754269371779,2.90773964148817,0.00364051292818147,0.049484989573478,"Up"
"RPL3L",65.6740191953277,1.01433695746445,0.345634888359475,2.93470651148359,0.00333863306888551,0.0477345415698294,"Up"
"SAP18",7415.23648716586,0.251392259517035,0.07749994429267,3.24377342218054,0.00117957537053406,0.0313657552114161,"Up"
"SAT1",6203.83529438613,0.523146012232136,0.121468630841667,4.3068404460247,1.65602970809312e-05,0.0047052739467386,"Up"
"SBDS",2295.41458058564,0.231525212088356,0.0726616247228648,3.18634785516296,0.00144081247214096,0.0338175053982582,"Up"
"SDCBP2",53.2519119798491,0.786210789474143,0.256819609661849,3.06133472638377,0.0022035260489347,0.0395886949822616,"Up"
"SELENOK",2919.71597816646,0.486246616548677,0.123312809605795,3.94319631596347,8.04027857418868e-05,0.0107210564495641,"Up"
"SEM1",3144.00824590385,0.543648100553297,0.17578215383724,3.09273773637266,0.00198319314558033,0.0384861901059594,"Up"
"SERINC2",2961.38438067403,0.335217367723177,0.102953853273379,3.25599632325617,0.00112995214736076,0.0308266598816775,"Up"
"SGPP1",905.159639199653,0.325146829586816,0.0913367437911406,3.55986885552136,0.000371040042145846,0.0204982996092488,"Up"
"SHLD1",194.240293416255,0.482669330291355,0.146843844316019,3.28695651179367,0.00101276472550312,0.0290766920990994,"Up"
"SKP1",9906.10403557987,0.309942996113075,0.0954521199532422,3.24710437300819,0.00116585626656967,0.0312647923060513,"Up"
"SLC25A16",2498.98508868793,0.246336990291589,0.0833332743607811,2.95604597540598,0.00311610637552092,0.046479768943273,"Up"
"SLC25A42",654.650720471423,0.38449162080387,0.128889028667185,2.98312140901223,0.00285324787292932,0.0446593360010729,"Up"
"SLC35D2",254.149986928284,0.276212092498332,0.0951833438282283,2.90189524121778,0.00370912553648521,0.0498398915371638,"Up"
"SLC51A",533.120693894395,0.397626796792624,0.0877660488947425,4.53053090346469,5.88356472846085e-06,0.00231738905742252,"Up"
"SLC6A16",23.9050058617938,2.06868973796902,0.700571041053016,2.95286218919299,0.00314842484411688,0.0467540762387382,"Up"
"SMIM27",259.220478342368,0.68525766854047,0.186405618126577,3.67616424562457,0.0002367671172505,0.0168491405120037,"Up"
"SMIM4",1387.20339053489,0.939458048932061,0.27781812922602,3.38155775344582,0.000720760799184428,0.0263781305811247,"Up"
"SNCAIP",18.9725180147902,1.24426093687548,0.360303099196922,3.45337283983626,0.000553623245973339,0.0238968061378355,"Up"
"SNRPN",1666.05689936186,1.19394618883471,0.349271687373131,3.41838812591529,0.000629932082354555,0.0250260218951799,"Up"
"SNX17",4186.41272865156,0.196572745000696,0.0636093167831312,3.09031372984069,0.00199945174729669,0.0385337764876567,"Up"
"SPATA33",281.66369905512,0.713833193620204,0.212666042752088,3.35659226260368,0.000789093880896144,0.0267358582656317,"Up"
"SPATA6L",40.0710354660914,1.60884135924204,0.533649988412978,3.01478758394913,0.00257159287465238,0.0424245505132443,"Up"
"SQOR",960.95324764237,0.629938649130947,0.177545558013179,3.54803947888229,0.000388110043398789,0.0206587234767224,"Up"
"SRA1",1506.38278448097,0.273867566955658,0.0923762260017871,2.96469750723915,0.00302980684900801,0.0456790496709294,"Up"
"SRP14",14238.3291509479,0.208836150891787,0.0694535907041002,3.00684455295496,0.00263974711441052,0.0430418792109057,"Up"
"STMP1",2588.38839341449,0.366942665029526,0.119213722567606,3.07802371343144,0.00208378332679524,0.039151490094271,"Up"
"SULT1A1",1261.04091037461,0.512128931889315,0.144760731631106,3.53776142272046,0.000403534496659635,0.0206587234767224,"Up"
"SURF2",851.570607358705,0.354131059490072,0.109307416738076,3.23977155492244,0.00119625497868645,0.0314701229996594,"Up"
"TAMM41",375.623688845089,0.402671251762577,0.131188847960091,3.0694015384987,0.0021448809402204,0.0392712840514952,"Up"
"TARDBP",4175.2634142452,0.696279146895882,0.225066234078626,3.09366329314703,0.00197701721411587,0.0384861901059594,"Up"
"TEX19",16.2358692954915,2.69947022427364,0.78611111382561,3.43395504375541,0.000594842843502839,0.0246514714438557,"Up"
"THBS2",104.901174214358,0.457745882944024,0.137117798061059,3.33834038627275,0.00084280435699155,0.0272377079885167,"Up"
"TMA7",4440.7591131426,1.10412838420661,0.322536835065286,3.4232629088182,0.000618742015649013,0.0248363833287903,"Up"
"TMEM128",1047.27066831914,0.297670310688278,0.0955479485597304,3.11540242543453,0.00183694111469407,0.0380802727131645,"Up"
"TMEM14B",2885.580419573,0.718823570650766,0.187036850098833,3.84321897140017,0.000121431032799309,0.0121888701471769,"Up"
"TMEM173",200.487206719186,0.748089419718069,0.188274056571837,3.97340681631637,7.08518841917525e-05,0.0103356149378996,"Up"
"TMEM189",1449.86370073626,0.586525749868989,0.199320650364604,2.94262410240031,0.00325443314981253,0.047365906951775,"Up"
"TMEM42",523.744592591852,0.502807466801147,0.166530812508672,3.0193059123816,0.00253354567869429,0.0420168549135037,"Up"
"TNNC1",50.0063915028073,0.937428965742329,0.31460225713721,2.97972740015492,0.00288505001820942,0.0449011170285432,"Up"
"TRAPPC1",2531.09013156847,0.285063233272874,0.0604697116128797,4.71414904535706,2.42722955026645e-06,0.00135975013166341,"Up"
"TRAPPC4",2055.18711005649,0.326642334949571,0.107713982770341,3.03249704958003,0.00242539468373484,0.0408139847714205,"Up"
"TRNAU1AP",1065.39760079837,0.459267104360363,0.131391150158205,3.49541886045879,0.000473318338129418,0.0224274599014406,"Up"
"TSGA13",21.9842916478921,1.50601475941555,0.400181894109911,3.76332558164642,0.000167668681197742,0.0140886403854423,"Up"
"UBE2E3",5014.83261483049,0.353650631003276,0.106873621595363,3.30905443012162,0.000936116363091028,0.0287718298249345,"Up"
"ULBP2",229.305555887605,0.444981597762499,0.124145054037497,3.58436831183057,0.000337894993346639,0.0196259377702352,"Up"
"UPK3A",838.125515134248,0.942782355405196,0.304527875285015,3.09588195997763,0.00196228460462961,0.0384861901059594,"Up"
"UQCR11",2421.83715451501,0.924548067283116,0.294914278950629,3.13497220471272,0.0017187039544554,0.036654051847641,"Up"
"UQCRQ",11990.3629266843,0.547366510178233,0.177252742063579,3.08805665743607,0.0020147005614072,0.038709277249964,"Up"
"UROD",2203.69106786886,0.387486311744506,0.107007316567281,3.6211197904479,0.000293330648555494,0.0185639420753811,"Up"
"VAMP5",44.1914914085161,1.3589709407033,0.431703629886946,3.14792567544356,0.00164433497069347,0.0360294194396829,"Up"
"VKORC1",754.3413655389,0.901595419087125,0.293501775588195,3.07185677933387,0.00212731768085687,0.039151490094271,"Up"
"WRB",1150.82304276395,0.631364897551471,0.190743914390075,3.31001332110821,0.000932915312114276,0.0287493021855461,"Up"
"ZCCHC10",598.813236484192,0.32405446593567,0.110723655830297,2.92669586734327,0.00342583710900466,0.0478504329418418,"Up"
"ZCCHC17",1235.51042356119,0.224473448885015,0.0615820956464583,3.64510896436057,0.000267278531682554,0.0177423141270575,"Up"
"ZCRB1",3039.75400622579,0.31486597293902,0.105162483226389,2.99409031889435,0.00275264447024114,0.0440559975793247,"Up"
"ZMYND19",1345.4282777735,0.25968092482374,0.0712706969891714,3.64358615523565,0.000268865598085368,0.0177423141270575,"Up"
"ZNF226",604.361910908496,0.443542640825307,0.0937738486855656,4.72991827724332,2.24610233979963e-06,0.00135975013166341,"Up"
"ZNF500",657.720421255043,0.453635452746094,0.148174109298597,3.06150281512365,0.00220228921075794,0.0395886949822616,"Up"
"ZNF517",539.177202909252,0.320995544710834,0.107354477299641,2.99005270003682,0.00278929318998664,0.0443320688366255,"Up"
"ZNF684",126.177020564859,1.10518750009453,0.341193570865218,3.23918032010958,0.00119873761211652,0.0314701229996594,"Up"
"ZNF747",707.378201859128,0.418231068933021,0.122145642935353,3.42403592041653,0.000616984651032346,0.0248363833287903,"Up"
"ZNRD1",439.495168535764,0.886051675064684,0.295809118184518,2.99534943514482,0.00274130600478117,0.0440064960937915,"Up"
"SEP3",1136.2435857956,-0.503916824635394,0.106587164728098,-4.72774396355204,2.27028206792069e-06,0.00135975013166341,"Down"
"AARS2",492.315148972476,-0.370833755566545,0.0963824505281443,-3.84752362628774,0.000119317773753904,0.0121888701471769,"Down"
"ABCC4",7662.32882114594,-0.442141713514409,0.151921414617207,-2.91033173057574,0.00361045321471286,0.0491427130866533,"Down"
"ABL2",541.388657050489,-0.591530111924447,0.149421471732515,-3.95880260758888,7.53264587965514e-05,0.0105490520741304,"Down"
"AC107871",23.7532438621038,-1.4726503224826,0.310624236373139,-4.7409382464077,2.12730770990153e-06,0.00135975013166341,"Down"
"ACACA",5902.7788794388,-0.605776940799583,0.19104271727263,-3.17089784655388,0.00151968574429495,0.034722364701748,"Down"
"ACLY",10880.9386309062,-0.35883463062047,0.0983953810857738,-3.64686458511365,0.000265459729352326,0.0177423141270575,"Down"
"ACSL3",3668.22016430572,-0.352995820054416,0.0907085644557242,-3.89153793991213,9.96108088952675e-05,0.0114652809649249,"Down"
"ADAR",5709.76742031455,-0.315843513235219,0.0809662118329467,-3.90092985808553,9.58239143689185e-05,0.0112875197822977,"Down"
"ADRA2A",6361.78471308561,-0.845669129583387,0.279092744861702,-3.03006489832775,0.00244501194641935,0.0409255386091227,"Down"
"AKAP12",173.974733398567,-1.38823892358616,0.40389475727356,-3.4371303380051,0.000587912620587631,0.0246514714438557,"Down"
"ALDH1B1",2440.10912742533,-0.279312635644935,0.0899632626935148,-3.1047410607649,0.00190445668914721,0.0382868300643603,"Down"
"AMER1",305.830808492255,-0.576868620462421,0.174044400397254,-3.31449112494127,0.000918100943346138,0.0285722081232956,"Down"
"ANKH",5414.42511830627,-0.397710766668938,0.129506044645432,-3.07098226772201,0.00213355821353607,0.039151490094271,"Down"
"ANKRD13B",479.980475113624,-0.588660779390573,0.177469352108061,-3.31697147929035,0.000909989053343178,0.0285005064956079,"Down"
"ANKS1B",103.765168226384,-0.690726569598332,0.180075479266294,-3.83576138412989,0.000125175896783474,0.0122579227664666,"Down"
"ANXA6",2148.16102994451,-0.50365883657793,0.157406262926143,-3.19973822651677,0.00137552458089467,0.0329996584988851,"Down"
"AR",8264.87306549007,-0.426489796467302,0.137404781451809,-3.1038934159426,0.00190992121771592,0.0382868300643603,"Down"
"ARHGEF17",574.757418057951,-0.713392234935611,0.230786496927799,-3.09113507259827,0.0019939290811799,0.0384861901059594,"Down"
"ARNT2",832.338752795945,-0.492409276029587,0.164684574166026,-2.99001456890045,0.00278964141349365,0.0443320688366255,"Down"
"ASAP2",418.896806663087,-1.12310973001535,0.286878722045053,-3.91492865699175,9.04309433153035e-05,0.0109595347071739,"Down"
"ATG9A",565.141515056734,-0.75208525281181,0.247331364665044,-3.04080015824255,0.00235950379633689,0.0406794355199295,"Down"
"ATP13A2",1355.64129631146,-0.310498519764489,0.0961428926917954,-3.22955250327085,0.00123984113862123,0.031912392361064,"Down"
"ATP2C1",5896.83624659015,-0.357474642727672,0.115636978131948,-3.09135233817486,0.00199247054210428,0.0384861901059594,"Down"
"ATP8B2",581.869162513312,-0.296396878199604,0.0952614754725422,-3.11140339501708,0.00186200386806137,0.0382868300643603,"Down"
"ATRX",2336.83812296756,-0.30317506628112,0.0986675249840211,-3.0726935365027,0.00212136223853116,0.039151490094271,"Down"
"AVL9",1725.35647983687,-0.25187659416893,0.0633185828690525,-3.97792532233119,6.95191966840618e-05,0.0103356149378996,"Down"
"AZI2",501.513606239521,-0.41799634304317,0.136302825695385,-3.0666740833189,0.00216454726036419,0.0394008012739719,"Down"
"BBS9",264.711328669946,-0.335426760164314,0.113299895986077,-2.96052134245149,0.00307118841791108,0.0460606170062935,"Down"
"BCAS3",347.563987529568,-0.427759014476726,0.136665909809912,-3.12996134201788,0.00174829308840097,0.0369722920909493,"Down"
"BCL9",1557.39810735463,-0.480231886945222,0.141843068746961,-3.38565635379707,0.000710082448077655,0.0262660619147912,"Down"
"BICD2",800.604886639656,-0.408382221320312,0.134207198749457,-3.04292336868379,0.00234291988075505,0.0406794355199295,"Down"
"BMP6",45.9791043121375,-1.40010852436427,0.41860868902733,-3.34467143435921,0.000823800996596791,0.0268569234784888,"Down"
"BRPF3",982.98399883963,-0.256390875500521,0.0860597867533344,-2.97921811304729,0.00288984990195765,0.0449011170285432,"Down"
"BTBD9",785.802145065319,-0.462023413907411,0.142101097139877,-3.25137119421829,0.00114849802882093,0.0309309169984168,"Down"
"BTN3A2",182.486101381547,-0.612453753576046,0.159200823023071,-3.8470514281656,0.000119547882508629,0.0121888701471769,"Down"
"C2CD2",776.987683444058,-0.546148813442258,0.122366583621953,-4.46321861145984,8.07376045850245e-06,0.00299299049467544,"Down"
"CABIN1",1458.84092775272,-0.286826554193916,0.0895003439656063,-3.20475365216629,0.00135178123327708,0.0328282286401239,"Down"
"CADPS2",1045.51955289868,-0.636334133988087,0.196270878782107,-3.24212199963972,0.00118643221360678,0.0314701229996594,"Down"
"CAPN5",483.375683357812,-0.669177092886002,0.180298867498456,-3.71148805408737,0.000206044393509389,0.0159324143300143,"Down"
"CCDC88C",1752.72501726597,-0.313690340709161,0.0958097684558246,-3.27409559343415,0.00106000745358166,0.0295582609401398,"Down"
"CDC42SE1",2365.64056579302,-0.184304546116085,0.0621587322849224,-2.96506282128264,0.00302621125620805,0.0456790496709294,"Down"
"CDC5L",1324.61172408937,-0.22959106144597,0.0777296030847282,-2.95371457378609,0.00313974250848638,0.0467217409409237,"Down"
"CDK12",1527.82120206468,-0.414437217496551,0.103588180013537,-4.00081570544431,6.31245074051193e-05,0.00970269867480639,"Down"
"CHST3",280.12665830795,-0.612649464743809,0.192139838705477,-3.18856031560905,0.00142983177153396,0.0337358501217244,"Down"
"CHTF8",1844.58531851753,-0.3260956482732,0.0856216997362966,-3.80856312450619,0.00013977666546616,0.0127558228174403,"Down"
"COG5",785.251303398514,-0.418149327259022,0.136919425870667,-3.05398101547697,0.00225826371041153,0.0399763424241951,"Down"
"CREB1",1168.73137239522,-0.226208990084429,0.0769103998405973,-2.94120158721401,0.00326941688873558,0.0474743438544047,"Down"
"CSDE1",19629.0059902503,-0.179121506684648,0.0552012715749849,-3.24488008290409,0.0011750009341438,0.0313657552114161,"Down"
"CTIF",391.327562965638,-0.327655170705237,0.106682070779811,-3.07132368457215,0.00213111986116857,0.039151490094271,"Down"
"DCAF1",836.166253902857,-0.4776244793632,0.104353232897888,-4.57699743553288,4.71697240166282e-06,0.00205009379829511,"Down"
"DCHS1",14.5218870097769,-1.43552273539329,0.490542006062339,-2.92640124118313,0.00342908359361784,0.0478504329418418,"Down"
"DDX18",1507.71975646746,-0.3764927000351,0.0940852944535028,-4.00161047719486,6.29128082499353e-05,0.00970269867480639,"Down"
"DDX21",4775.3155843278,-0.4986261299696,0.119708087036965,-4.16535041459336,3.10874701826207e-05,0.00634411647896394,"Down"
"DDX3X",5490.63583307274,-0.570106479346002,0.186020530153052,-3.06475032017668,0.00217851782803124,0.0395079693590011,"Down"
"DDX3Y",1513.50084405913,-0.337982639039562,0.109942949944824,-3.07416382050128,0.00211093482406217,0.039151490094271,"Down"
"DGAT2",851.946604717911,-0.298635605862153,0.0943168422064267,-3.16630199735211,0.00154390414486125,0.0349669372376351,"Down"
"DIAPH2",290.566426519352,-0.470089820695326,0.14514045648586,-3.2388613903879,0.001200078794241,0.0314701229996594,"Down"
"DIS3L",1117.61630023108,-0.307479424850165,0.100251969881749,-3.06706616551126,0.00216171001393864,0.0394008012739719,"Down"
"DLG1",860.920659354758,-0.504228776983435,0.127785565382946,-3.94589776609252,7.95015321565962e-05,0.0107210564495641,"Down"
"DOCK1",877.907202661728,-0.57849814745516,0.196262011246371,-2.94758085775938,0.00320270982492581,0.0472680967603805,"Down"
"DUSP4",619.811617254871,-0.677735172912629,0.158425857862195,-4.27793279492384,1.88636949906369e-05,0.00493463226754126,"Down"
"DYNC2H1",315.53583080347,-0.50358270566311,0.141851850369663,-3.55006088641624,0.00038514206404556,0.0206587234767224,"Down"
"EARS2",1663.97177464384,-0.392854452198571,0.111045884884809,-3.53776686642722,0.000403526177705226,0.0206587234767224,"Down"
"EBF2",71.9971553169199,-0.91024769241145,0.29274702481933,-3.10933200080586,0.00187510886733784,0.0382868300643603,"Down"
"EDA",815.618766041856,-0.391753761122659,0.121013730011623,-3.23726705296194,0.00120680420647328,0.0315323644513346,"Down"
"EEF2",142014.003538366,-0.382267659426614,0.109529592750717,-3.49008564559016,0.000482865770624345,0.0225408895294416,"Down"
"EIF2A",2929.3518605067,-0.404503516779834,0.138401001081575,-2.92269213097249,0.00347019450659586,0.0480284443576091,"Down"
"ELP1",744.365870772314,-0.289222921780898,0.0949588016449654,-3.04577265899219,0.00232083243775151,0.0405711124069626,"Down"
"EMB",1392.00404666551,-0.286974093423324,0.0880961423269232,-3.25751032727822,0.00112394168579876,0.0308266598816775,"Down"
"ENTPD5",944.654817617759,-0.388676647540952,0.117778611241136,-3.30006139013805,0.000966636808699672,0.0290766920990994,"Down"
"EPC2",439.009680363733,-0.497609834144963,0.163409581322333,-3.04516926191375,0.00232549393909186,0.0405962958563904,"Down"
"EPM2AIP1",1980.45422429054,-0.284690406623916,0.0884785188934165,-3.21762174801842,0.00129258156095479,0.0321970316092375,"Down"
"ERCC6",518.291443761195,-0.453640994275479,0.134948796265087,-3.36157866413544,0.000774982783761895,0.0266229907014699,"Down"
"EXOC4",1240.8754966066,-0.537532829344686,0.101943987614622,-5.27282522414874,1.3433948531573e-07,0.000303620679124868,"Down"
"FADS1",2313.42726298143,-0.48420901403646,0.165232593067089,-2.93046913474182,0.00338450614311776,0.0477696701319779,"Down"
"FAM169A",234.149863067693,-0.941977397294207,0.271430843627515,-3.47041399092759,0.000519656740775532,0.0230625125377986,"Down"
"FARP1",1025.0036094841,-0.547751385498216,0.143984301967192,-3.80424378223554,0.000142238049791418,0.012800367374734,"Down"
"FASN",22876.0149103758,-0.423146848723336,0.142228945497945,-2.97511063758432,0.00292882894689911,0.0450598763218542,"Down"
"FASTKD2",604.233465811493,-0.593534142366668,0.15056706320301,-3.94199189212055,8.08077088788156e-05,0.0107210564495641,"Down"
"FBXO11",379.537993351321,-0.565516767348468,0.136950253150879,-4.1293590507309,3.63775932137832e-05,0.00674269389509593,"Down"
"FEM1A",131.512283507836,-0.635259832895707,0.206467975552391,-3.07679595925766,0.00209238473068897,0.039151490094271,"Down"
"FKBP4",7181.18630297596,-0.307512784878339,0.0965964307002513,-3.18347978956472,0.00145516271444348,0.0340908380164416,"Down"
"FKBP5",2712.39613882732,-0.553668754286592,0.178980104971617,-3.0934653568026,0.00197833649134263,0.0384861901059594,"Down"
"FKTN",775.984559571295,-0.31568216723273,0.0960947711716924,-3.28511284624115,0.00101941533893765,0.0290766920990994,"Down"
"FLII",2913.30971336043,-0.356086568020311,0.117275826487713,-3.03631684964179,0.00239487553757372,0.0406794355199295,"Down"
"FLNA",6483.80408905843,-0.421904328933019,0.135560144093282,-3.11230363286348,0.00185633464661843,0.0382868300643603,"Down"
"FOXO4",195.326058852175,-0.684197699650254,0.195534770835066,-3.49911014152759,0.00046681370717078,0.0222868180499262,"Down"
"GATD3B",317.574878817066,-0.509326919959935,0.167577660125115,-3.03934855982395,0.00237090368857636,0.0406794355199295,"Down"
"GCNT1",2309.74383453557,-0.39088417055537,0.124512759220312,-3.13931016389848,0.00169346099060333,0.0363970922812828,"Down"
"GDF11",686.379661946326,-0.356987623150688,0.110630978276056,-3.22683238197443,0.00125168761037711,0.0319304956561166,"Down"
"GEMIN4",1384.96924459128,-0.301248447256383,0.0884620465888002,-3.40539766908946,0.000660677690841006,0.0256220972780309,"Down"
"GEMIN5",459.918916479637,-0.483033735930275,0.158498881386062,-3.04755296508201,0.00230712863749901,0.0404530049145772,"Down"
"GLYATL1B",14.5895123606745,-1.96653804178516,0.572815181244623,-3.43311089889802,0.000596697980872327,0.0246514714438557,"Down"
"GPHN",416.395701126945,-0.487280121853781,0.163056546873806,-2.98841188039447,0.00280431353885528,0.0443482658014203,"Down"
"GPR27",22.5374288261321,-1.83755666699178,0.502298392022024,-3.65829693301349,0.000253896792260151,0.0173808486733365,"Down"
"GTF2I",1086.59480134515,-0.802166951874643,0.244210210022729,-3.28473961756138,0.00102076658860519,0.0290766920990994,"Down"
"HDLBP",14362.4258841414,-0.45905209424071,0.111630906473632,-4.11223117989408,3.91853618209388e-05,0.00713825594777109,"Down"
"HERC6",376.929770509847,-0.386934355852086,0.0951390961344113,-4.06703838457147,4.76144026070492e-05,0.00827876707449434,"Down"
"HIST1H2AC",1195.63415669466,-0.540691773231475,0.174058266101897,-3.10638377217283,0.00189390744606932,0.0382868300643603,"Down"
"HIST1H2BG",84.8155328900812,-1.36576402114454,0.425494594559861,-3.20982696045132,0.00132814900329055,0.0326952930419415,"Down"
"HIST1H2BK",1058.49279531429,-0.470437183273943,0.158855063961055,-2.96142390140787,0.00306220155808817,0.0460572654393118,"Down"
"HIST2H2BE",1960.92605368124,-0.608967304387538,0.147188363214064,-4.13733321772105,3.51365670369759e-05,0.00660987001394097,"Down"
"HIST2H2BF",86.9445337500503,-0.751259745528351,0.225582935145172,-3.33030397465518,0.000867512222104527,0.027611424362135,"Down"
"HLTF",3485.66286429462,-0.358253000105887,0.104847492811555,-3.41689620322906,0.000633394238699016,0.0250260218951799,"Down"
"HMGXB4",834.919816050896,-0.372920989028556,0.0996804815545817,-3.74116359805462,0.000183170234151058,0.0147049530652225,"Down"
"HR",23.713825542448,-1.02042862059442,0.34826911727284,-2.9300003071906,0.00338961668766248,0.0477882871714742,"Down"
"HSP90AA1",15178.1162116969,-0.377986942963067,0.0943648022655832,-4.00559248669062,6.18622223244446e-05,0.00970269867480639,"Down"
"HSP90B1",22398.2368798768,-0.22495950184981,0.0667856242721096,-3.36838210770092,0.00075610725653303,0.0266229907014699,"Down"
"IBTK",1429.81194132299,-0.52031762567985,0.134618226810152,-3.8651350415842,0.000111027752743442,0.0118592694540537,"Down"
"IGBP1",1630.76408573992,-0.286602453298055,0.092577322209315,-3.09581705819978,0.00196271413689142,0.0384861901059594,"Down"
"IGFBP5",39.5811518460602,-2.43489042872177,0.658254919419445,-3.69900832776039,0.000216443499931647,0.0163529678019482,"Down"
"IKZF4",170.035350441696,-0.437265555828006,0.12044526347987,-3.6304088944194,0.000282972576143691,0.0182901864087953,"Down"
"IMPDH2",10066.0100484188,-0.262410739676151,0.0771816229581298,-3.39991217622498,0.000674074999948774,0.0258238337366393,"Down"
"INVS",182.123463944481,-0.545919207665817,0.138680527119628,-3.93652388698307,8.26703948388571e-05,0.010742037696381,"Down"
"IPO5",4563.46964331308,-0.181514362345756,0.0548209154423623,-3.31104216120937,0.000929492031088511,0.0287140136270578,"Down"
"ISYNA1",998.141505424179,-0.341720986072943,0.0950961457775512,-3.59342624539481,0.000326358057379448,0.0192215745570587,"Down"
"JCAD",116.727344086986,-0.752739501978018,0.230182052059341,-3.27019198605443,0.0010747451514782,0.029889495637304,"Down"
"KBTBD11",1052.01151218775,-0.455010957234414,0.144486749972611,-3.14915351975642,0.00163744150661253,0.0360294194396829,"Down"
"KCND3",1041.26221901371,-0.472251867996208,0.158746217904032,-2.97488579086465,0.00293097648131483,0.0450598763218542,"Down"
"KCNH2",220.389541803712,-0.530755860457891,0.127085190562735,-4.17637852300254,2.96186798983959e-05,0.00634411647896394,"Down"
"KDM4C",695.138351385102,-0.465346734134606,0.156019200059237,-2.98262479206357,0.00285788113774537,0.0446593360010729,"Down"
"KIAA1549",739.040874985091,-0.476957546837987,0.138922767801141,-3.43325686917439,0.000596376804262045,0.0246514714438557,"Down"
"KIAA1551",523.970077644548,-0.497162953665934,0.154387829190631,-3.22022115520557,0.00128091738430289,0.032096784715216,"Down"
"KIF3B",2630.8280449006,-0.337625909544702,0.0972017674196081,-3.47345442894276,0.000513804607869417,0.0229926226516987,"Down"
"KMT2E",1430.41896710768,-0.461608156129152,0.15128478610951,-3.05125299113032,0.00227888468797618,0.0402283790017532,"Down"
"KTN1",3382.94782169588,-0.316228355177786,0.0958302598719403,-3.29987997111108,0.000967261882744956,0.0290766920990994,"Down"
"LARS",3590.16263075206,-0.364824846678199,0.112201215975433,-3.25152310967896,0.00114788443460052,0.0309309169984168,"Down"
"LDLR",627.891927678372,-0.991674442085787,0.321920856430638,-3.08049143842736,0.00206659296027378,0.039151490094271,"Down"
"LMAN1",4462.90044297919,-0.417621878796751,0.13411159061934,-3.11398796232402,0.00184577020166267,0.0382004722853141,"Down"
"LMBRD2",827.109050597926,-0.309992489678234,0.10576359699272,-2.93099420303918,0.00337879086465267,0.0477696701319779,"Down"
"LRBA",3573.60222192279,-0.417280472391712,0.126019539038293,-3.31123630173661,0.000928847370021657,0.0287140136270578,"Down"
"LRP5",2226.09600656246,-0.464669765140387,0.148076943992392,-3.13802913952803,0.00170087966944427,0.0363970922812828,"Down"
"LRRC32",18.9603160675264,-1.12412525190869,0.358120507336658,-3.13895805707641,0.00169549714272664,0.0363970922812828,"Down"
"LRRC8D",1221.06980895124,-0.312602210113267,0.106507325001817,-2.93503015034819,0.00333515279532728,0.0477345415698294,"Down"
"MAOA",16377.1457045004,-0.292935854908086,0.0873960833609796,-3.35181902486577,0.000802824808158671,0.0268434683223781,"Down"
"MAP3K21",178.996180565371,-0.543562178050971,0.157108702411922,-3.4597840202754,0.000540608814379613,0.0235772785343967,"Down"
"MAPT",673.764755731632,-0.526209473696357,0.137656363713829,-3.8226309303817,0.000132035329288242,0.0125125811304436,"Down"
"MAST3",402.662132802403,-0.437655037810439,0.128970728961618,-3.39344470899818,0.000690194901627241,0.0262024594581619,"Down"
"ME2",1578.23841703973,-0.358707589495093,0.0958358461266719,-3.74293757495465,0.000181881425587098,0.0147049530652225,"Down"
"MECP2",1948.69217384438,-0.317120630538426,0.106136861645481,-2.98784631109289,0.00280950795299279,0.0443747346359914,"Down"
"MED12",811.33632798908,-0.456644140309188,0.145999750091465,-3.12770494485856,0.00176176944430148,0.0371732938299174,"Down"
"MEGF8",1129.25344771639,-0.291112343966498,0.099039873920928,-2.93934485618305,0.00328906888937139,0.0474861675620125,"Down"
"MEX3A",813.309323054694,-0.778297471729127,0.215837968036843,-3.6059340198953,0.000311032164343388,0.0187571741597323,"Down"
"MIA3",8589.88512426741,-0.390673024752518,0.127623355577067,-3.06114051762732,0.00220495587730464,0.0395886949822616,"Down"
"MICAL3",532.624447540979,-1.09540857504422,0.325904956537261,-3.36112892139762,0.000776245840542945,0.0266229907014699,"Down"
"MIPOL1",939.647167354937,-0.47859071423489,0.153303498117266,-3.12185123048401,0.00179717730277908,0.0375940582620971,"Down"
"MLEC",10269.8581394499,-0.427120516131256,0.122235640257567,-3.49423879345872,0.000475415576732933,0.0224424641540895,"Down"
"MON1B",1130.94343018049,-0.393321874646259,0.134883120696764,-2.91601997799637,0.00354527798849214,0.048676126107794,"Down"
"MORC4",1051.0738870152,-0.449865500035188,0.143552456984568,-3.13380564488386,0.00172555106374111,0.0367379148773529,"Down"
"MPRIP",3861.1710984352,-0.404269497986257,0.116729600501317,-3.46329890833214,0.000533595274126327,0.0234524519928694,"Down"
"MTMR4",1587.52625628676,-0.414322976173627,0.116586426034549,-3.55378400613161,0.000379730944273934,0.0206298656104684,"Down"
"MYO1C",3475.6720467258,-0.507032270750311,0.165782027927881,-3.05842724381972,0.00222502101258737,0.0397789572236187,"Down"
"MYO9A",369.449585917912,-0.479525393515692,0.150991520719444,-3.1758431945771,0.00149401684075969,0.0345906280635763,"Down"
"NAA15",1111.02534170732,-0.394582839320817,0.107332554116403,-3.67626432231258,0.00023667430069971,0.0168491405120037,"Down"
"NCAPD3",1062.99101809965,-0.448802516405092,0.130680241337763,-3.43435634806561,0.000593962799997013,0.0246514714438557,"Down"
"NCBP1",1039.88598860815,-0.420673222970218,0.124685188366507,-3.37388288441822,0.000741158933165703,0.0266229907014699,"Down"
"NEK6",1559.80746234672,-0.420073985770972,0.1276107204008,-3.29183930982918,0.000995344658855567,0.0290766920990994,"Down"
"NEK9",3127.34613016822,-0.22513528024124,0.0769448821731385,-2.92592923509389,0.00343429046463872,0.0478504329418418,"Down"
"NEXMIF",115.136263663903,-0.609433182544873,0.138636774361391,-4.39589845733309,1.10315498443249e-05,0.003558155320689,"Down"
"NFIC",3826.55182678198,-0.529026621540303,0.144602568248487,-3.65848703759684,0.000253708570217225,0.0173808486733365,"Down"
"NOL8",639.536488580659,-0.312038557780053,0.106474079772727,-2.93065277902483,0.00338250620639992,0.0477696701319779,"Down"
"NOP9",1250.91791667463,-0.312673727449807,0.0834658166383384,-3.74612913457299,0.000179584172414746,0.0146979149942562,"Down"
"NOS1AP",34.8360933207445,-1.48506693709191,0.404996148782399,-3.66686681233067,0.000245540602279735,0.0171932986174099,"Down"
"NRDE2",594.637366431903,-0.399531871910227,0.117973097507218,-3.38663543089374,0.000707553439262992,0.0262660619147912,"Down"
"NSMAF",709.09422122896,-0.367650611592174,0.119410348631561,-3.07888399795696,0.00207777568064618,0.039151490094271,"Down"
"NUMBL",622.383586675037,-0.295549576719257,0.0962249670944007,-3.0714437805867,0.00213026275957329,0.039151490094271,"Down"
"NUP88",1526.51019565709,-0.296176298628395,0.101635570377156,-2.91410081656772,0.00356714687352436,0.0489230894384124,"Down"
"ODR4",722.18074166849,-0.436465311336539,0.125333770583156,-3.48242384559041,0.000496896530814335,0.0229926226516987,"Down"
"OTULINL",951.49439790647,-0.501482275980632,0.165851563787429,-3.02368132400234,0.00249719331714979,0.0416882444627232,"Down"
"P4HA1",4184.24331362151,-0.600296880338585,0.17334179327902,-3.46308220875687,0.000534025208025509,0.0234524519928694,"Down"
"PANX1",400.322594246141,-0.54828960370915,0.179764709043615,-3.05004028113283,0.00228810675783235,0.0403346819240824,"Down"
"PARP4",973.171311609911,-0.76463956049245,0.216250817306105,-3.53589211831786,0.00040640061948392,0.0206587234767224,"Down"
"PCDHB12",34.6426771732396,-1.16265433187907,0.390440279156142,-2.97780324917275,0.00290322286478071,0.0449535884369731,"Down"
"PCDHGB5",157.361770166196,-1.09300576485615,0.255722876109272,-4.27418063446583,1.91841463907903e-05,0.00493463226754126,"Down"
"PCNX2",836.174094037527,-0.653601895069358,0.199211274667781,-3.28094831057807,0.00103458702432276,0.0290920226900908,"Down"
"PCSK7",276.984063872407,-0.626484376795625,0.204983178629792,-3.05627213405195,0.00224107751079021,0.0397914256264182,"Down"
"PDCD7",644.437023584934,-0.37149623600352,0.109614786821625,-3.38910695149232,0.000701206551496789,0.0262660619147912,"Down"
"PFAS",762.384320862898,-0.400187959242968,0.136924547052419,-2.92268967002508,0.00347022193143873,0.0480284443576091,"Down"
"PHKB",2395.76525999951,-0.218056341371183,0.0659654759475237,-3.30561309895876,0.000947688484490955,0.0289217086162809,"Down"
"PHRF1",1601.37969122217,-0.51468415452285,0.167571130733731,-3.07143690126838,0.00213031184737709,0.039151490094271,"Down"
"PIGN",1002.13250095105,-0.329412950084249,0.108600135168852,-3.03326464163304,0.00241923340620128,0.0408139847714205,"Down"
"PKP4",1742.221292892,-0.501282261974636,0.170258592826917,-2.94424060278845,0.00323748207382498,0.047365906951775,"Down"
"PLEKHH1",2174.85537473883,-0.616047863087196,0.206828945866026,-2.97853794355381,0.0028962716712318,0.0449011170285432,"Down"
"PLOD1",5746.98570791444,-0.393888540423579,0.131368372704096,-2.99835137115387,0.00271444519952048,0.0438064882135162,"Down"
"PLXNA1",1223.21266097577,-0.395233201102973,0.107371192155628,-3.68099853571623,0.000232322339371438,0.0168491405120037,"Down"
"PLXNB2",4714.32379376391,-0.43712116001231,0.129789787098525,-3.36791645771394,0.000757385425036371,0.0266229907014699,"Down"
"PLXNB3",631.429346720226,-0.830750793600264,0.269345821249193,-3.08432776030213,0.00204012701737475,0.0389602438287748,"Down"
"PODXL",893.607353520335,-0.410882443238355,0.12478640766172,-3.29268588572727,0.000992352747916171,0.0290766920990994,"Down"
"POGK",1505.11817480826,-0.300840958229593,0.091593248262353,-3.28453203633401,0.00102151883987712,0.0290766920990994,"Down"
"POLR3E",1197.73305457454,-0.240872926561836,0.063346416261945,-3.80247124897796,0.000143259896241245,0.012800367374734,"Down"
"PPP2R2C",74.2896111217841,-1.65400630672191,0.408136272237244,-4.05258346104671,5.06551441948728e-05,0.00851276583242902,"Down"
"PPP2R5D",745.717212805236,-0.582188936788472,0.19806709670342,-2.93935210076929,0.00328899200261436,0.0474861675620125,"Down"
"PRDM1",12.5001012129931,-1.93712823218406,0.624778622668906,-3.10050338135627,0.00193192007977077,0.0383919798215125,"Down"
"PREPL",855.631124103537,-0.38059761018523,0.0907405940650591,-4.19434779005689,2.7365783510654e-05,0.00615925598871933,"Down"
"PRIMA1",18.6043583695511,-1.20338273823767,0.35215238293015,-3.41722162498148,0.000632637558880461,0.0250260218951799,"Down"
"PRKAR2A",1897.87613611822,-0.298774997648441,0.100601797973409,-2.96987731499008,0.00297918702373683,0.0453945335648252,"Down"
"PRKDC",6408.73033275623,-0.476304797037898,0.151492679368029,-3.14407797805719,0.00166611036336561,0.036143984543649,"Down"
"PRKX",622.903084736666,-0.524372948615912,0.100243958699573,-5.23096808444522,1.68624623442881e-07,0.000303620679124868,"Down"
"PSD3",931.611326845638,-0.419077032861397,0.134736297489611,-3.1103499255181,0.00186865825636065,0.0382868300643603,"Down"
"PSMD2",7101.72810613694,-0.256180983705841,0.0858842710972999,-2.9828626410022,0.00285566123277851,0.0446593360010729,"Down"
"PTGER4",198.334644536511,-0.807596251319313,0.22824784958279,-3.53824254114772,0.00040279988024682,0.0206587234767224,"Down"
"PTPRF",15992.0893870699,-0.519793202214962,0.169209178569539,-3.07189720208554,0.00212702962840429,0.039151490094271,"Down"
"RAB10",4738.2840971302,-0.383022220614623,0.114436037925048,-3.34704195950484,0.000816788461286408,0.0268548597210832,"Down"
"RABL3",856.19498301366,-0.333054245791502,0.0880416125443555,-3.78291851053624,0.000155000171351901,0.013380973696708,"Down"
"RALGAPA1",1006.84584623821,-0.621236810019389,0.195802809948974,-3.17276759297419,0.00150993341008395,0.0346114548185242,"Down"
"RALGAPA2",873.494631766285,-0.836386372934836,0.216069068172297,-3.8709213679206,0.000108424765010725,0.0118592694540537,"Down"
"RB1CC1",1337.47117491528,-0.494063158956498,0.166130679228648,-2.97394293005034,0.00293999749957717,0.0450598763218542,"Down"
"RBAK",574.358307337295,-0.374788497672086,0.125184094138054,-2.99389870776047,0.00275437369823134,0.0440559975793247,"Down"
"RBPJ",2134.56493686607,-0.258966571243901,0.0892359078621508,-2.90204445102912,0.00370735930600115,0.0498398915371638,"Down"
"RIOX2",866.61060647686,-0.37689589566515,0.109920954046084,-3.42879025146686,0.000606277875946797,0.024717928077836,"Down"
"RMND5A",2738.93222406316,-0.254649207155019,0.0790237236076489,-3.22243999054445,0.00127103787390065,0.031976369985317,"Down"
"RNF38",912.332642724762,-0.364758613100333,0.105001007005038,-3.47385823721509,0.000513032008964184,0.0229926226516987,"Down"
"RORC",1140.57257566469,-0.322844447541537,0.106310723974861,-3.03680038542377,0.00239103738969536,0.0406794355199295,"Down"
"RPRD1A",2466.32353196387,-0.264134679747511,0.0846329506690735,-3.12094376551178,0.00180272455519178,0.0376184441947636,"Down"
"RPTOR",949.552095665543,-0.471046615843369,0.135892104647504,-3.46632806273209,0.000527619071262566,0.0233337220147136,"Down"
"RREB1",1229.97756821506,-0.386424187111239,0.131269019568618,-2.9437576998832,0.00324253748318012,0.047365906951775,"Down"
"RTF1",2505.58324328493,-0.26743385113569,0.0899221714886902,-2.97405908585433,0.00293888478779619,0.0450598763218542,"Down"
"SAPCD2",1259.82604042281,-0.606917168643008,0.157978178220707,-3.8417785005414,0.000122146039684874,0.0121888701471769,"Down"
"SERBP1",14406.7327018352,-0.241289436612546,0.0666778166993797,-3.61873631376402,0.00029604509339508,0.0185639420753811,"Down"
"SH3PXD2B",724.540567505697,-0.484758744774738,0.147829262457017,-3.27917989116456,0.00104109247964965,0.0291598435855648,"Down"
"SHANK2",657.415708784196,-0.543405824344781,0.154684065442981,-3.51300454115028,0.000443069904100176,0.0218142698096821,"Down"
"SHANK3",163.40313951807,-0.793027806472052,0.221872267170672,-3.57425385599015,0.000351228044839893,0.019975290179582,"Down"
"SHC3",138.567786369795,-0.533246715311382,0.181148360983984,-2.94370157375329,0.00324312552220704,0.047365906951775,"Down"
"SLC12A8",401.939028519588,-0.521006734016961,0.137612178614502,-3.78605105494679,0.000153060240317744,0.0133046294411369,"Down"
"SLC25A23",2358.46367579693,-0.287475465730116,0.098218297270167,-2.92690337462645,0.00342355226651662,0.0478504329418418,"Down"
"SLC26A1",499.785788727456,-0.694844594613431,0.197248456783761,-3.52268710206018,0.000427195386260577,0.0213665501921759,"Down"
"SLC35E2B",2407.4412527987,-0.618599085855315,0.195340717551514,-3.16676980411,0.00154142282846445,0.0349669372376351,"Down"
"SLC46A1",650.852090831719,-0.343822414861337,0.1092946539783,-3.14583012385585,0.00165616169927639,0.0361146402382001,"Down"
"SMPDL3B",1024.45506917069,-0.310711753751888,0.105749966326026,-2.93817354791365,0.00330152153178126,0.0475570027275097,"Down"
"SOWAHC",468.060626307606,-0.376646170052763,0.126598245158173,-2.9751294702559,0.00292864913928474,0.0450598763218542,"Down"
"SP1",1780.44752088235,-0.345572555966902,0.0752201771827906,-4.59414706146112,4.34522873221002e-06,0.00202841714595463,"Down"
"SPG11",1549.7697171135,-0.70040470751635,0.237805701146202,-2.9452813962847,0.00322661063564333,0.047365906951775,"Down"
"SPRED1",274.503455112878,-0.613763008786402,0.161555237245011,-3.79909075838613,0.000145227906584177,0.012800367374734,"Down"
"SRRM2",7963.51670972263,-0.465988045087394,0.123433360753248,-3.77521961845417,0.000159866752477839,0.0137072146138142,"Down"
"STEAP3",318.19732725484,-0.504262730239101,0.124831142165623,-4.03955873102607,5.35518575632464e-05,0.00865343093239946,"Down"
"STT3A",3217.10504630279,-0.498614341852962,0.166792210450261,-2.98943422181968,0.00279494619783002,0.0443320688366255,"Down"
"TAF4B",218.151870243886,-0.6225377503804,0.176924274260092,-3.5186678197997,0.000433719401685484,0.0214376444660543,"Down"
"TANC2",546.992872641644,-0.60820071333054,0.173746871838442,-3.50049878248209,0.000464388359866787,0.0222748113692623,"Down"
"TBC1D8B",232.636047264716,-0.430769328539432,0.138510689244904,-3.11000783324223,0.00187082382477043,0.0382868300643603,"Down"
"TGFBRAP1",1090.29399864781,-0.360133607590839,0.0978894896082912,-3.67898135981634,0.000234167380388636,0.0168491405120037,"Down"
"TICRR",285.622169528972,-0.378638027140972,0.119437369495401,-3.17018056191827,0.00152344237385486,0.034722364701748,"Down"
"TIPARP",219.023336062703,-0.451342921946271,0.12419286159427,-3.63420985837961,0.000278833840786345,0.0182094390117673,"Down"
"TM7SF3",1422.07024072742,-0.310494946154098,0.067340458224691,-4.61082318623505,4.01077570631751e-06,0.00202207268009704,"Down"
"TM9SF4",1396.74600382925,-0.597926605512304,0.178507317324001,-3.34959157123532,0.000809307994486168,0.0268434683223781,"Down"
"TMEM63C",251.551955511482,-0.392677319763877,0.111165417459131,-3.53236940713366,0.000411853590819596,0.0208474002357035,"Down"
"TMTC4",1256.93790983399,-0.313173101224123,0.0928421894788809,-3.37317660195166,0.000743062772692731,0.0266229907014699,"Down"
"TNC",428.033830816254,-1.04209650916916,0.329902504618202,-3.1588014476434,0.00158419379601189,0.035528787553263,"Down"
"TRAPPC10",480.656973699131,-0.683630204160223,0.200445346951775,-3.41055661583752,0.000648304228625874,0.0254555342604377,"Down"
"TRIM14",1347.10408791038,-0.306237353539958,0.104833593156539,-2.92117578267759,0.00348713015259377,0.0481399654362452,"Down"
"TRIM44",2169.07100222656,-0.558023774978093,0.183937898861865,-3.03376182086955,0.00241525031553334,0.0408067224892524,"Down"
"TRRAP",1578.08798387264,-0.438828115547251,0.137499143299204,-3.19149708876616,0.00141537537365285,0.0335326902434597,"Down"
"TSPYL4",2196.76917186949,-0.279940093074578,0.0958175822021231,-2.92159420683415,0.00348244939860726,0.0481280616447872,"Down"
"TTC37",836.697465808638,-0.704365990594958,0.19166995714351,-3.67488990498168,0.000237952000248863,0.0168491405120037,"Down"
"TTC7B",1271.64544128416,-0.325644241578256,0.096141609016346,-3.38713117982964,0.000706276087354505,0.0262660619147912,"Down"
"TTYH2",238.896422504469,-0.803192368532197,0.217043741135411,-3.70060138260838,0.000215089124047927,0.0163529678019482,"Down"
"TUBGCP4",220.594409260815,-0.715274931489052,0.197363869226748,-3.62414323498737,0.000289920909507327,0.0185490514894942,"Down"
"TWNK",561.443281763747,-0.535086156281611,0.183729805595202,-2.91235357566604,0.00358716336378235,0.049038524003605,"Down"
"TXNL1",2019.23816747972,-0.254310358705326,0.0864978767937884,-2.94007631322101,0.00328131419687057,0.0474861675620125,"Down"
"U2SURP",1796.95637983283,-0.329833280773606,0.106242682122442,-3.10452705244661,0.00190583498415803,0.0382868300643603,"Down"
"USP48",700.276074788308,-0.466156280513609,0.158407388353334,-2.94276854987237,0.00325291514971024,0.047365906951775,"Down"
"UTP14A",578.272427528651,-0.486081811012104,0.106002790022518,-4.58555676608933,4.52778231414927e-06,0.00203814886741205,"Down"
"UTP25",681.85778196618,-0.195366315919971,0.0663792709041374,-2.94318261196499,0.00324856734083258,0.047365906951775,"Down"
"WASF2",3814.36962379113,-0.347440004533186,0.107643945855704,-3.22767808046471,0.00124799333780878,0.0319304956561166,"Down"
"WDR35",483.706758479375,-0.323981954763091,0.108973683275691,-2.97302931335683,0.00294876288221887,0.0450899512797993,"Down"
"WDR43",1145.54212849622,-0.411940256745931,0.116504347965156,-3.53583590604818,0.000406487101097046,0.0206587234767224,"Down"
"WIPF2",1177.06052713342,-0.339106119744258,0.0953639801657978,-3.55591407945321,0.000376667172783667,0.0205520045271227,"Down"
"WIZ",2645.80988744916,-0.356079701034651,0.116411188852401,-3.05880993523852,0.00222218084281433,0.0397789572236187,"Down"
"ZBTB16",609.861669232347,-0.585696489919489,0.178414907720101,-3.28277775329365,0.00102789668761988,0.0290766920990994,"Down"
"ZBTB2",315.902018954006,-0.507328713777993,0.136764242481174,-3.70951284176364,0.000207658425052535,0.0159593096912326,"Down"
"ZBTB45",2088.75074236316,-0.460739922919972,0.132009437062234,-3.49020443669314,0.000482651170965142,0.0225408895294416,"Down"
"ZC3H12C",241.472591832295,-0.403365880179961,0.132586924205773,-3.04227496486716,0.00234797306012428,0.0406794355199295,"Down"
"ZFAT",222.951105636091,-0.576689837184942,0.175532437809918,-3.28537473973575,0.00101846815957457,0.0290766920990994,"Down"
"ZFR",1812.76559725346,-0.72684747452585,0.188891320165353,-3.84796651264641,0.000119102328639021,0.0121888701471769,"Down"
"ZKSCAN1",3473.6791933954,-0.362689429541938,0.0789293641350492,-4.5951140429989,4.32512653431452e-06,0.00202841714595463,"Down"
"ZNF143",541.572142846641,-0.323018266910654,0.0858783885086968,-3.76134522922426,0.000169001981160704,0.0141066289440365,"Down"
"ZNF292",764.056585179163,-0.424775106033724,0.131607445702049,-3.22759175035878,0.0012483699924682,0.0319304956561166,"Down"
"ZNF350",411.802473221515,-0.506724985141683,0.140695279421045,-3.60157773044579,0.000316291821536,0.0188677665916348,"Down"
"ZNF354C",164.431744717859,-1.01750344424221,0.186759178634341,-5.44821117592511,5.08789284873266e-08,0.000303620679124868,"Down"
"ZNF384",439.787870615754,-0.876185907238315,0.258483928179488,-3.38971135810774,0.000699662501591055,0.0262660619147912,"Down"
"ZNF468",673.365704897081,-0.317922868954474,0.0700221214459378,-4.54032043573449,5.6168797712167e-06,0.00231738905742252,"Down"
"ZNF561",1023.55887076304,-0.249453089964251,0.0747593892346931,-3.33674595950937,0.000847653888288664,0.0273243723989522,"Down"
"ZNF614",612.097195966818,-0.304054214854786,0.0986033838373322,-3.0836083207488,0.00204506645707696,0.0389776322143705,"Down"
"ZNF644",1045.24826516824,-0.354851259801153,0.117072430516003,-3.03104034175363,0.00243712683347873,0.0408614259762391,"Down"
"ZNF728",21.0961289929249,-2.02182556804165,0.361192694385036,-5.59763693859866,2.17293203862714e-08,0.000273876354148565,"Down"
"ZNF770",944.794788881537,-1.04947631361355,0.301808866885777,-3.47728787574269,0.000506513666038873,0.0229926226516987,"Down"
