"ONTOLOGY","ID","Description","GeneRatio","BgRatio","RichFactor","FoldEnrichment","zScore","pvalue","p.adjust","qvalue","geneID","Count","Category","GeneRatioNum","BgRatioNum"
"BP","GO:0046434","organophosphate catabolic process","3/18","242/18805",0.012396694214876,12.9511019283747,5.79194203964478,0.00148883111309499,0.132904135006538,0.0986823605684445,"TREX1/ABHD16B/PGAM2",3,"BP",0.166666666666667,0.0128689178409997
"BP","GO:0006096","glycolytic process","2/18","97/18805",0.0206185567010309,21.5406643757159,6.27797134558595,0.00381798269949432,0.132904135006538,0.0986823605684445,"TREX1/PGAM2",2,"BP",0.111111111111111,0.00515820260568998
"BP","GO:0046032","ADP catabolic process","2/18","99/18805",0.0202020202020202,21.1054994388328,6.20832800921365,0.00397338717142925,0.132904135006538,0.0986823605684445,"TREX1/PGAM2",2,"BP",0.111111111111111,0.0052645572985908
"BP","GO:0019364","pyridine nucleotide catabolic process","2/18","101/18805",0.0198019801980198,20.6875687568757,6.14070428785688,0.00413170824961018,0.132904135006538,0.0986823605684445,"TREX1/PGAM2",2,"BP",0.111111111111111,0.00537091199149162
"BP","GO:0009137","purine nucleoside diphosphate catabolic process","2/18","102/18805",0.0196078431372549,20.4847494553377,6.1076189072204,0.00421195924679242,0.132904135006538,0.0986823605684445,"TREX1/PGAM2",2,"BP",0.111111111111111,0.00542408933794204
"BP","GO:0009181","purine ribonucleoside diphosphate catabolic process","2/18","102/18805",0.0196078431372549,20.4847494553377,6.1076189072204,0.00421195924679242,0.132904135006538,0.0986823605684445,"TREX1/PGAM2",2,"BP",0.111111111111111,0.00542408933794204
"BP","GO:0072526","pyridine-containing compound catabolic process","2/18","104/18805",0.0192307692307692,20.090811965812,6.04284299767466,0.00437463563281284,0.132904135006538,0.0986823605684445,"TREX1/PGAM2",2,"BP",0.111111111111111,0.00553044403084286
"BP","GO:0009191","ribonucleoside diphosphate catabolic process","2/18","105/18805",0.019047619047619,19.8994708994709,6.01113038856134,0.00445705841662312,0.132904135006538,0.0986823605684445,"TREX1/PGAM2",2,"BP",0.111111111111111,0.00558362137729327
"BP","GO:0046031","ADP metabolic process","2/18","105/18805",0.019047619047619,19.8994708994709,6.01113038856134,0.00445705841662312,0.132904135006538,0.0986823605684445,"TREX1/PGAM2",2,"BP",0.111111111111111,0.00558362137729327
"BP","GO:0009134","nucleoside diphosphate catabolic process","2/18","108/18805",0.0185185185185185,19.34670781893,5.91856899203808,0.00470864953450824,0.132904135006538,0.0986823605684445,"TREX1/PGAM2",2,"BP",0.111111111111111,0.00574315341664451
"BP","GO:0009135","purine nucleoside diphosphate metabolic process","2/18","117/18805",0.0170940170940171,17.8584995251662,5.66191170327112,0.00550202504175232,0.132904135006538,0.0986823605684445,"TREX1/PGAM2",2,"BP",0.111111111111111,0.00622174953469822
"BP","GO:0009179","purine ribonucleoside diphosphate metabolic process","2/18","117/18805",0.0170940170940171,17.8584995251662,5.66191170327112,0.00550202504175232,0.132904135006538,0.0986823605684445,"TREX1/PGAM2",2,"BP",0.111111111111111,0.00622174953469822
"BP","GO:0006090","pyruvate metabolic process","2/18","127/18805",0.015748031496063,16.4523184601925,5.40832748472589,0.00645056956878624,0.132904135006538,0.0986823605684445,"TREX1/PGAM2",2,"BP",0.111111111111111,0.00675352299920234
"BP","GO:0009185","ribonucleoside diphosphate metabolic process","2/18","128/18805",0.015625,16.3237847222222,5.38455879764004,0.00654925713128379,0.132904135006538,0.0986823605684445,"TREX1/PGAM2",2,"BP",0.111111111111111,0.00680670034565275
"BP","GO:0009154","purine ribonucleotide catabolic process","2/18","130/18805",0.0153846153846154,16.0726495726496,5.33781637067255,0.00674870657145067,0.132904135006538,0.0986823605684445,"TREX1/PGAM2",2,"BP",0.111111111111111,0.00691305503855358
"BP","GO:0009132","nucleoside diphosphate metabolic process","2/18","134/18805",0.0149253731343284,15.5928689883914,5.24737315691475,0.00715586741935217,0.132904135006538,0.0986823605684445,"TREX1/PGAM2",2,"BP",0.111111111111111,0.00712576442435522
"BP","GO:0009261","ribonucleotide catabolic process","2/18","136/18805",0.0147058823529412,15.3635620915033,5.20359800577822,0.00736355871534489,0.132904135006538,0.0986823605684445,"TREX1/PGAM2",2,"BP",0.111111111111111,0.00723211911725605
"BP","GO:0006195","purine nucleotide catabolic process","2/18","139/18805",0.0143884892086331,15.0319744204636,5.13964602864895,0.00768020606284597,0.132904135006538,0.0986823605684445,"TREX1/PGAM2",2,"BP",0.111111111111111,0.00739165115660729
"BP","GO:0072523","purine-containing compound catabolic process","2/18","156/18805",0.0128205128205128,13.3938746438746,4.81143119970341,0.00958882755083432,0.132904135006538,0.0986823605684445,"TREX1/PGAM2",2,"BP",0.111111111111111,0.00829566604626429
"BP","GO:0009166","nucleotide catabolic process","2/18","162/18805",0.0123456790123457,12.89780521262,4.70759527322521,0.0103081087707184,0.132904135006538,0.0986823605684445,"TREX1/PGAM2",2,"BP",0.111111111111111,0.00861473012496676
"BP","GO:0044571","[2Fe-2S] cluster assembly","1/18","11/18805",0.0909090909090909,94.9747474747475,9.65007202551742,0.0104816409902353,0.132904135006538,0.0986823605684445,"BOLA2",1,"BP",0.0555555555555556,0.000584950810954533
"BP","GO:0046689","response to mercury ion","1/18","11/18805",0.0909090909090909,94.9747474747475,9.65007202551742,0.0104816409902353,0.132904135006538,0.0986823605684445,"PGAM2",1,"BP",0.0555555555555556,0.000584950810954533
"BP","GO:0072711","cellular response to hydroxyurea","1/18","11/18805",0.0909090909090909,94.9747474747475,9.65007202551742,0.0104816409902353,0.132904135006538,0.0986823605684445,"TREX1",1,"BP",0.0555555555555556,0.000584950810954533
"BP","GO:0072710","response to hydroxyurea","1/18","12/18805",0.0833333333333333,87.0601851851852,9.23054828714837,0.0114293546468374,0.132904135006538,0.0986823605684445,"TREX1",1,"BP",0.0555555555555556,0.000638128157404945
"BP","GO:0010572","positive regulation of platelet activation","1/18","13/18805",0.0769230769230769,80.3632478632479,8.86007224177704,0.0123762110091185,0.132904135006538,0.0986823605684445,"GP1BB",1,"BP",0.0555555555555556,0.000691305503855358
"BP","GO:0031571","mitotic G1 DNA damage checkpoint signaling","1/18","13/18805",0.0769230769230769,80.3632478632479,8.86007224177704,0.0123762110091185,0.132904135006538,0.0986823605684445,"TREX1",1,"BP",0.0555555555555556,0.000691305503855358
"BP","GO:0070914","UV-damage excision repair","1/18","13/18805",0.0769230769230769,80.3632478632479,8.86007224177704,0.0123762110091185,0.132904135006538,0.0986823605684445,"TREX1",1,"BP",0.0555555555555556,0.000691305503855358
"BP","GO:1905671","regulation of lysosome organization","1/18","13/18805",0.0769230769230769,80.3632478632479,8.86007224177704,0.0123762110091185,0.132904135006538,0.0986823605684445,"TREX1",1,"BP",0.0555555555555556,0.000691305503855358
"BP","GO:0016052","carbohydrate catabolic process","2/18","179/18805",0.0111731843575419,11.6728739913097,4.44099980687632,0.0124722449971459,0.132904135006538,0.0986823605684445,"TREX1/PGAM2",2,"BP",0.111111111111111,0.00951874501462377
"BP","GO:0019362","pyridine nucleotide metabolic process","2/18","180/18805",0.0111111111111111,11.608024691358,4.42644721738396,0.0126052691616063,0.132904135006538,0.0986823605684445,"TREX1/PGAM2",2,"BP",0.111111111111111,0.00957192236107418
"BP","GO:0046496","nicotinamide nucleotide metabolic process","2/18","180/18805",0.0111111111111111,11.608024691358,4.42644721738396,0.0126052691616063,0.132904135006538,0.0986823605684445,"TREX1/PGAM2",2,"BP",0.111111111111111,0.00957192236107418
"BP","GO:1901292","nucleoside phosphate catabolic process","2/18","184/18805",0.0108695652173913,11.3556763285024,4.36936711231037,0.0131436363647598,0.132904135006538,0.0986823605684445,"TREX1/PGAM2",2,"BP",0.111111111111111,0.00978463174687583
"BP","GO:0007008","outer mitochondrial membrane organization","1/18","14/18805",0.0714285714285714,74.6230158730159,8.52973092804985,0.0133222108070024,0.132904135006538,0.0986823605684445,"TOMM6",1,"BP",0.0555555555555556,0.00074448285030577
"BP","GO:0044819","mitotic G1/S transition checkpoint signaling","1/18","14/18805",0.0714285714285714,74.6230158730159,8.52973092804985,0.0133222108070024,0.132904135006538,0.0986823605684445,"TREX1",1,"BP",0.0555555555555556,0.00074448285030577
"BP","GO:0045040","protein insertion into mitochondrial outer membrane","1/18","14/18805",0.0714285714285714,74.6230158730159,8.52973092804985,0.0133222108070024,0.132904135006538,0.0986823605684445,"TOMM6",1,"BP",0.0555555555555556,0.00074448285030577
"BP","GO:0072524","pyridine-containing compound metabolic process","2/18","187/18805",0.0106951871657754,11.1734997029115,4.32770175067084,0.0135539627768707,0.132904135006538,0.0986823605684445,"TREX1/PGAM2",2,"BP",0.111111111111111,0.00994416378622707
"BP","GO:0046462","monoacylglycerol metabolic process","1/18","16/18805",0.0625,65.2951388888889,7.96377447951315,0.0152116436263561,0.133862577328488,0.0993940114948366,"ABHD16B",1,"BP",0.0555555555555556,0.000850837543206594
"BP","GO:0061635","regulation of protein complex stability","1/18","16/18805",0.0625,65.2951388888889,7.96377447951315,0.0152116436263561,0.133862577328488,0.0993940114948366,"TREX1",1,"BP",0.0555555555555556,0.000850837543206594
"BP","GO:0072378","blood coagulation, fibrin clot formation","1/18","16/18805",0.0625,65.2951388888889,7.96377447951315,0.0152116436263561,0.133862577328488,0.0993940114948366,"GP1BB",1,"BP",0.0555555555555556,0.000850837543206594
"BP","GO:0160049","negative regulation of cGAS/STING signaling pathway","1/18","16/18805",0.0625,65.2951388888889,7.96377447951315,0.0152116436263561,0.133862577328488,0.0993940114948366,"TREX1",1,"BP",0.0555555555555556,0.000850837543206594
"BP","GO:0002281","macrophage activation involved in immune response","1/18","19/18805",0.0526315789473684,54.9853801169591,7.28733041346004,0.018039386836995,0.133862577328488,0.0993940114948366,"TREX1",1,"BP",0.0555555555555556,0.00101036958255783
"BP","GO:0060965","negative regulation of miRNA-mediated gene silencing","1/18","19/18805",0.0526315789473684,54.9853801169591,7.28733041346004,0.018039386836995,0.133862577328488,0.0993940114948366,"DND1",1,"BP",0.0555555555555556,0.00101036958255783
"BP","GO:0061158","3'-UTR-mediated mRNA destabilization","1/18","19/18805",0.0526315789473684,54.9853801169591,7.28733041346004,0.018039386836995,0.133862577328488,0.0993940114948366,"DND1",1,"BP",0.0555555555555556,0.00101036958255783
"BP","GO:0061621","canonical glycolysis","1/18","19/18805",0.0526315789473684,54.9853801169591,7.28733041346004,0.018039386836995,0.133862577328488,0.0993940114948366,"PGAM2",1,"BP",0.0555555555555556,0.00101036958255783
"BP","GO:0061718","glucose catabolic process to pyruvate","1/18","19/18805",0.0526315789473684,54.9853801169591,7.28733041346004,0.018039386836995,0.133862577328488,0.0993940114948366,"PGAM2",1,"BP",0.0555555555555556,0.00101036958255783
"BP","GO:0060149","negative regulation of post-transcriptional gene silencing","1/18","20/18805",0.05,52.2361111111111,7.09607526222669,0.0189802625442735,0.133862577328488,0.0993940114948366,"DND1",1,"BP",0.0555555555555556,0.00106354692900824
"BP","GO:0060967","negative regulation of gene silencing by regulatory ncRNA","1/18","20/18805",0.05,52.2361111111111,7.09607526222669,0.0189802625442735,0.133862577328488,0.0993940114948366,"DND1",1,"BP",0.0555555555555556,0.00106354692900824
"BP","GO:0072376","protein activation cascade","1/18","20/18805",0.05,52.2361111111111,7.09607526222669,0.0189802625442735,0.133862577328488,0.0993940114948366,"GP1BB",1,"BP",0.0555555555555556,0.00106354692900824
"BP","GO:1900369","negative regulation of post-transcriptional gene silencing by regulatory ncRNA","1/18","20/18805",0.05,52.2361111111111,7.09607526222669,0.0189802625442735,0.133862577328488,0.0993940114948366,"DND1",1,"BP",0.0555555555555556,0.00106354692900824
"BP","GO:0061620","glycolytic process through glucose-6-phosphate","1/18","21/18805",0.0476190476190476,49.7486772486773,6.91848652984731,0.0199202867803234,0.133862577328488,0.0993940114948366,"PGAM2",1,"BP",0.0555555555555556,0.00111672427545865
"BP","GO:0046034","ATP metabolic process","2/18","230/18805",0.00869565217391304,9.08454106280193,3.81845374524229,0.0200331929359097,0.133862577328488,0.0993940114948366,"TREX1/PGAM2",2,"BP",0.111111111111111,0.0122307896835948
"BP","GO:0050821","protein stabilization","2/18","234/18805",0.00854700854700855,8.9292497625831,3.77793983797478,0.0206909478766674,0.133862577328488,0.0993940114948366,"PYURF/TREX1",2,"BP",0.111111111111111,0.0124434990693964
"BP","GO:0003228","atrial cardiac muscle tissue development","1/18","22/18805",0.0454545454545455,47.4873737373737,6.75299656919506,0.0208594602704191,0.133862577328488,0.0993940114948366,"TREX1",1,"BP",0.0555555555555556,0.00116990162190907
"BP","GO:0031630","regulation of synaptic vesicle fusion to presynaptic active zone membrane","1/18","22/18805",0.0454545454545455,47.4873737373737,6.75299656919506,0.0208594602704191,0.133862577328488,0.0993940114948366,"CPLX3",1,"BP",0.0555555555555556,0.00116990162190907
"BP","GO:1901632","regulation of synaptic vesicle membrane organization","1/18","22/18805",0.0454545454545455,47.4873737373737,6.75299656919506,0.0208594602704191,0.133862577328488,0.0993940114948366,"CPLX3",1,"BP",0.0555555555555556,0.00116990162190907
"BP","GO:0006658","phosphatidylserine metabolic process","1/18","23/18805",0.0434782608695652,45.4227053140097,6.59827875843009,0.0217977837392541,0.133862577328488,0.0993940114948366,"ABHD16B",1,"BP",0.0555555555555556,0.00122307896835948
"BP","GO:0035855","megakaryocyte development","1/18","23/18805",0.0434782608695652,45.4227053140097,6.59827875843009,0.0217977837392541,0.133862577328488,0.0993940114948366,"GP1BB",1,"BP",0.0555555555555556,0.00122307896835948
"BP","GO:0002320","lymphoid progenitor cell differentiation","1/18","24/18805",0.0416666666666667,43.5300925925926,6.45320183842479,0.0227352579109449,0.133862577328488,0.0993940114948366,"TREX1",1,"BP",0.0555555555555556,0.00127625631480989
"BP","GO:0060339","negative regulation of type I interferon-mediated signaling pathway","1/18","24/18805",0.0416666666666667,43.5300925925926,6.45320183842479,0.0227352579109449,0.133862577328488,0.0993940114948366,"TREX1",1,"BP",0.0555555555555556,0.00127625631480989
"BP","GO:0061615","glycolytic process through fructose-6-phosphate","1/18","25/18805",0.04,41.7888888888889,6.31679439882654,0.0236718835090284,0.133862577328488,0.0993940114948366,"PGAM2",1,"BP",0.0555555555555556,0.0013294336612603
"BP","GO:0140896","cGAS/STING signaling pathway","1/18","25/18805",0.04,41.7888888888889,6.31679439882654,0.0236718835090284,0.133862577328488,0.0993940114948366,"TREX1",1,"BP",0.0555555555555556,0.0013294336612603
"BP","GO:0009205","purine ribonucleoside triphosphate metabolic process","2/18","254/18805",0.0078740157480315,8.22615923009624,3.58899934307467,0.0241142471690198,0.133862577328488,0.0993940114948366,"TREX1/PGAM2",2,"BP",0.111111111111111,0.0135070459984047
"BP","GO:1901136","carbohydrate derivative catabolic process","2/18","258/18805",0.00775193798449612,8.09862187769165,3.55369144140991,0.0248253221871138,0.133862577328488,0.0993940114948366,"TREX1/PGAM2",2,"BP",0.111111111111111,0.0137197553842063
"BP","GO:0009144","purine nucleoside triphosphate metabolic process","2/18","261/18805",0.00766283524904215,8.00553426990209,3.5277066388433,0.0253643044659947,0.133862577328488,0.0993940114948366,"TREX1/PGAM2",2,"BP",0.111111111111111,0.0138792874235576
"BP","GO:0009199","ribonucleoside triphosphate metabolic process","2/18","261/18805",0.00766283524904215,8.00553426990209,3.5277066388433,0.0253643044659947,0.133862577328488,0.0993940114948366,"TREX1/PGAM2",2,"BP",0.111111111111111,0.0138792874235576
"BP","GO:0006007","glucose catabolic process","1/18","28/18805",0.0357142857142857,37.3115079365079,5.95172495682108,0.0264766760883415,0.133862577328488,0.0993940114948366,"PGAM2",1,"BP",0.0555555555555556,0.00148896570061154
"BP","GO:0035458","cellular response to interferon-beta","1/18","28/18805",0.0357142857142857,37.3115079365079,5.95172495682108,0.0264766760883415,0.133862577328488,0.0993940114948366,"TREX1",1,"BP",0.0555555555555556,0.00148896570061154
"BP","GO:0016226","iron-sulfur cluster assembly","1/18","29/18805",0.0344827586206897,36.0249042145594,5.84261235895298,0.0274099146158172,0.133862577328488,0.0993940114948366,"BOLA2",1,"BP",0.0555555555555556,0.00154214304706195
"BP","GO:0031163","metallo-sulfur cluster assembly","1/18","29/18805",0.0344827586206897,36.0249042145594,5.84261235895298,0.0274099146158172,0.133862577328488,0.0993940114948366,"BOLA2",1,"BP",0.0555555555555556,0.00154214304706195
"BP","GO:0043392","negative regulation of DNA binding","1/18","29/18805",0.0344827586206897,36.0249042145594,5.84261235895298,0.0274099146158172,0.133862577328488,0.0993940114948366,"ZNF593",1,"BP",0.0555555555555556,0.00154214304706195
"BP","GO:0071480","cellular response to gamma radiation","1/18","29/18805",0.0344827586206897,36.0249042145594,5.84261235895298,0.0274099146158172,0.133862577328488,0.0993940114948366,"TREX1",1,"BP",0.0555555555555556,0.00154214304706195
"BP","GO:0009141","nucleoside triphosphate metabolic process","2/18","277/18805",0.0072202166064982,7.54312073806659,3.39580860029788,0.0283197992362882,0.133862577328488,0.0993940114948366,"TREX1/PGAM2",2,"BP",0.111111111111111,0.0147301249667642
"BP","GO:0006304","DNA modification","1/18","30/18805",0.0333333333333333,34.8240740740741,5.7389075336681,0.0283423081787124,0.133862577328488,0.0993940114948366,"TREX1",1,"BP",0.0555555555555556,0.00159532039351236
"BP","GO:0031629","synaptic vesicle fusion to presynaptic active zone membrane","1/18","31/18805",0.032258064516129,33.7007168458781,5.64017227488457,0.0292738574971029,0.133862577328488,0.0993940114948366,"CPLX3",1,"BP",0.0555555555555556,0.00164849773996278
"BP","GO:0060964","regulation of miRNA-mediated gene silencing","1/18","31/18805",0.032258064516129,33.7007168458781,5.64017227488457,0.0292738574971029,0.133862577328488,0.0993940114948366,"DND1",1,"BP",0.0555555555555556,0.00164849773996278
"BP","GO:0042219","modified amino acid catabolic process","1/18","32/18805",0.03125,32.6475694444444,5.54601662009784,0.0302045632904904,0.133862577328488,0.0993940114948366,"ABHD16B",1,"BP",0.0555555555555556,0.00170167508641319
"BP","GO:0099500","vesicle fusion to plasma membrane","1/18","32/18805",0.03125,32.6475694444444,5.54601662009784,0.0302045632904904,0.133862577328488,0.0993940114948366,"CPLX3",1,"BP",0.0555555555555556,0.00170167508641319
"BP","GO:1900368","regulation of post-transcriptional gene silencing by regulatory ncRNA","1/18","32/18805",0.03125,32.6475694444444,5.54601662009784,0.0302045632904904,0.133862577328488,0.0993940114948366,"DND1",1,"BP",0.0555555555555556,0.00170167508641319
"BP","GO:0006308","DNA catabolic process","1/18","33/18805",0.0303030303030303,31.6582491582492,5.45609222548185,0.0311344262778003,0.133862577328488,0.0993940114948366,"TREX1",1,"BP",0.0555555555555556,0.0017548524328636
"BP","GO:0060147","regulation of post-transcriptional gene silencing","1/18","33/18805",0.0303030303030303,31.6582491582492,5.45609222548185,0.0311344262778003,0.133862577328488,0.0993940114948366,"DND1",1,"BP",0.0555555555555556,0.0017548524328636
"BP","GO:0046475","glycerophospholipid catabolic process","1/18","34/18805",0.0294117647058824,30.7271241830065,5.37008682031104,0.0320634471773843,0.133862577328488,0.0993940114948366,"ABHD16B",1,"BP",0.0555555555555556,0.00180802977931401
"BP","GO:0060966","regulation of gene silencing by regulatory ncRNA","1/18","34/18805",0.0294117647058824,30.7271241830065,5.37008682031104,0.0320634471773843,0.133862577328488,0.0993940114948366,"DND1",1,"BP",0.0555555555555556,0.00180802977931401
"BP","GO:0090151","establishment of protein localization to mitochondrial membrane","1/18","34/18805",0.0294117647058824,30.7271241830065,5.37008682031104,0.0320634471773843,0.133862577328488,0.0993940114948366,"TOMM6",1,"BP",0.0555555555555556,0.00180802977931401
"BP","GO:2000677","regulation of transcription regulatory region DNA binding","1/18","34/18805",0.0294117647058824,30.7271241830065,5.37008682031104,0.0320634471773843,0.133862577328488,0.0993940114948366,"ZNF593",1,"BP",0.0555555555555556,0.00180802977931401
"BP","GO:0006298","mismatch repair","1/18","35/18805",0.0285714285714286,29.8492063492063,5.28771953883246,0.032991626707021,0.133862577328488,0.0993940114948366,"TREX1",1,"BP",0.0555555555555556,0.00186120712576442
"BP","GO:0031338","regulation of vesicle fusion","1/18","35/18805",0.0285714285714286,29.8492063492063,5.28771953883246,0.032991626707021,0.133862577328488,0.0993940114948366,"CPLX3",1,"BP",0.0555555555555556,0.00186120712576442
"BP","GO:0035456","response to interferon-beta","1/18","35/18805",0.0285714285714286,29.8492063492063,5.28771953883246,0.032991626707021,0.133862577328488,0.0993940114948366,"TREX1",1,"BP",0.0555555555555556,0.00186120712576442
"BP","GO:0048499","synaptic vesicle membrane organization","1/18","36/18805",0.0277777777777778,29.0200617283951,5.20873697006898,0.0339189655839137,0.136061305126381,0.101026584095628,"CPLX3",1,"BP",0.0555555555555556,0.00191438447221484
"BP","GO:0008340","determination of adult lifespan","1/18","37/18805",0.027027027027027,28.2357357357357,5.13290979859044,0.0348454645246933,0.13820729187884,0.102619996057346,"TREX1",1,"BP",0.0555555555555556,0.00196756181866525
"BP","GO:0042254","ribosome biogenesis","2/18","317/18805",0.00630914826498423,6.5913073957238,3.10763991036121,0.0362817503972872,0.14230508766936,0.105662641507889,"UTP14C/ZNF593",2,"BP",0.111111111111111,0.0168572188247806
"BP","GO:0006734","NADH metabolic process","1/18","40/18805",0.025,26.1180555555556,4.92237146045451,0.0376199288880723,0.145932251620764,0.10835583913395,"PGAM2",1,"BP",0.0555555555555556,0.00212709385801649
"BP","GO:0045454","cell redox homeostasis","1/18","42/18805",0.0238095238095238,24.8743386243386,4.79443584310346,0.0394653852289033,0.148205116870243,0.110043459372866,"BOLA2",1,"BP",0.0555555555555556,0.00223344855091731
"BP","GO:0046461","neutral lipid catabolic process","1/18","42/18805",0.0238095238095238,24.8743386243386,4.79443584310346,0.0394653852289033,0.148205116870243,0.110043459372866,"ABHD16B",1,"BP",0.0555555555555556,0.00223344855091731
"BP","GO:0046464","acylglycerol catabolic process","1/18","42/18805",0.0238095238095238,24.8743386243386,4.79443584310346,0.0394653852289033,0.148205116870243,0.110043459372866,"ABHD16B",1,"BP",0.0555555555555556,0.00223344855091731
"BP","GO:0032197","retrotransposition","1/18","43/18805",0.0232558139534884,24.2958656330749,4.73375929398429,0.040386859570207,0.148505848211282,0.110266754747605,"TREX1",1,"BP",0.0555555555555556,0.00228662589736772
"BP","GO:0043277","apoptotic cell clearance","1/18","43/18805",0.0232558139534884,24.2958656330749,4.73375929398429,0.040386859570207,0.148505848211282,0.110266754747605,"TREX1",1,"BP",0.0555555555555556,0.00228662589736772
"BP","GO:0002251","organ or tissue specific immune response","1/18","44/18805",0.0227272727272727,23.7436868686869,4.67511039063958,0.0413074989757998,0.150325228231519,0.111617658654087,"TREX1",1,"BP",0.0555555555555556,0.00233980324381813
"BP","GO:0032196","transposition","1/18","45/18805",0.0222222222222222,23.216049382716,4.61837643039545,0.042227304157743,0.150568064320033,0.111797966350643,"TREX1",1,"BP",0.0555555555555556,0.00239298059026855
"BP","GO:0060338","regulation of type I interferon-mediated signaling pathway","1/18","45/18805",0.0222222222222222,23.216049382716,4.61837643039545,0.042227304157743,0.150568064320033,0.111797966350643,"TREX1",1,"BP",0.0555555555555556,0.00239298059026855
"BP","GO:0009150","purine ribonucleotide metabolic process","2/18","350/18805",0.00571428571428571,5.96984126984127,2.90504036825657,0.0434304944949313,0.153309645567107,0.113833611886715,"TREX1/PGAM2",2,"BP",0.111111111111111,0.0186120712576442
"BP","GO:0000731","DNA synthesis involved in DNA repair","1/18","47/18805",0.0212765957446809,22.2281323877069,4.51024471971255,0.0440644146960765,0.154007310769455,0.114351633760532,"TREX1",1,"BP",0.0555555555555556,0.00249933528316937
"BP","GO:0019320","hexose catabolic process","1/18","51/18805",0.0196078431372549,20.4847494553377,4.31286251654309,0.0477286563564718,0.160346374923849,0.119058438515099,"PGAM2",1,"BP",0.0555555555555556,0.00271204466897102
"BP","GO:0009259","ribonucleotide metabolic process","2/18","371/18805",0.00539083557951483,5.63192572626535,2.78914701344044,0.0482353504882093,0.160346374923849,0.119058438515099,"TREX1/PGAM2",2,"BP",0.111111111111111,0.0197287955331029
"BP","GO:0043457","regulation of cellular respiration","1/18","52/18805",0.0192307692307692,20.090811965812,4.26700695979162,0.048642641862795,0.160346374923849,0.119058438515099,"TREX1",1,"BP",0.0555555555555556,0.00276522201542143
"BP","GO:0019693","ribose phosphate metabolic process","2/18","379/18805",0.00527704485488127,5.5130460275579,2.74730255793353,0.0501157991398509,0.160346374923849,0.119058438515099,"TREX1/PGAM2",2,"BP",0.111111111111111,0.0201542143047062
"BP","GO:0009395","phospholipid catabolic process","1/18","54/18805",0.0185185185185185,19.34670781893,4.17902975893219,0.0504681279395188,0.160346374923849,0.119058438515099,"ABHD16B",1,"BP",0.0555555555555556,0.00287157670832225
"BP","GO:0010543","regulation of platelet activation","1/18","54/18805",0.0185185185185185,19.34670781893,4.17902975893219,0.0504681279395188,0.160346374923849,0.119058438515099,"GP1BB",1,"BP",0.0555555555555556,0.00287157670832225
"BP","GO:0006644","phospholipid metabolic process","2/18","383/18805",0.00522193211488251,5.45546852335364,2.72682353666613,0.0510661286367665,0.160346374923849,0.119058438515099,"SERINC4/ABHD16B",2,"BP",0.111111111111111,0.0203669236905078
"BP","GO:0006110","regulation of glycolytic process","1/18","55/18805",0.0181818181818182,18.9949494949495,4.13679497219767,0.0513796299232577,0.160346374923849,0.119058438515099,"TREX1",1,"BP",0.0555555555555556,0.00292475405477267
"BP","GO:0010332","response to gamma radiation","1/18","55/18805",0.0181818181818182,18.9949494949495,4.13679497219767,0.0513796299232577,0.160346374923849,0.119058438515099,"TREX1",1,"BP",0.0555555555555556,0.00292475405477267
"BP","GO:0030811","regulation of nucleotide catabolic process","1/18","55/18805",0.0181818181818182,18.9949494949495,4.13679497219767,0.0513796299232577,0.160346374923849,0.119058438515099,"TREX1",1,"BP",0.0555555555555556,0.00292475405477267
"BP","GO:0033121","regulation of purine nucleotide catabolic process","1/18","55/18805",0.0181818181818182,18.9949494949495,4.13679497219767,0.0513796299232577,0.160346374923849,0.119058438515099,"TREX1",1,"BP",0.0555555555555556,0.00292475405477267
"BP","GO:0046365","monosaccharide catabolic process","1/18","55/18805",0.0181818181818182,18.9949494949495,4.13679497219767,0.0513796299232577,0.160346374923849,0.119058438515099,"PGAM2",1,"BP",0.0555555555555556,0.00292475405477267
"BP","GO:0031647","regulation of protein stability","2/18","386/18805",0.00518134715025907,5.41306850892343,2.71165200300496,0.0517832485589767,0.160346374923849,0.119058438515099,"PYURF/TREX1",2,"BP",0.111111111111111,0.0205264557298591
"BP","GO:0039532","negative regulation of cytoplasmic pattern recognition receptor signaling pathway","1/18","59/18805",0.0169491525423729,17.7071563088512,3.97838575691345,0.0550173806233059,0.168879437913278,0.125394304578519,"TREX1",1,"BP",0.0555555555555556,0.00313746344057432
"BP","GO:0044088","regulation of vacuole organization","1/18","61/18805",0.0163934426229508,17.1265938069217,3.90489250512524,0.0568313114921604,0.172943559971833,0.128411947019491,"TREX1",1,"BP",0.0555555555555556,0.00324381813347514
"BP","GO:0043470","regulation of carbohydrate catabolic process","1/18","66/18805",0.0151515151515152,15.8291245791246,3.7354844423572,0.0613517623431469,0.185104035103682,0.137441194992745,"TREX1",1,"BP",0.0555555555555556,0.0035097048657272
"BP","GO:0030219","megakaryocyte differentiation","1/18","67/18805",0.0149253731343284,15.5928689883914,3.70381361379997,0.0622533936083061,0.186232609692644,0.138279170459128,"GP1BB",1,"BP",0.0555555555555556,0.00356288221217761
"BP","GO:0046503","glycerolipid catabolic process","1/18","69/18805",0.0144927536231884,15.1409017713366,3.64246903198789,0.0640542028295322,0.187003974062351,0.138851914541599,"ABHD16B",1,"BP",0.0555555555555556,0.00366923690507844
"BP","GO:0044773","mitotic DNA damage checkpoint signaling","1/18","70/18805",0.0142857142857143,14.9246031746032,3.61274787994036,0.0649533821820657,0.187003974062351,0.138851914541599,"TREX1",1,"BP",0.0555555555555556,0.00372241425152885
"BP","GO:0045600","positive regulation of fat cell differentiation","1/18","71/18805",0.0140845070422535,14.7143974960876,3.58363116999082,0.0658517456259258,0.187003974062351,0.138851914541599,"ADIRF",1,"BP",0.0555555555555556,0.00377559159797926
"BP","GO:0141188","nucleic acid catabolic process","2/18","444/18805",0.0045045045045045,4.70595595595596,2.44611138761714,0.0663499089828621,0.187003974062351,0.138851914541599,"TREX1/DND1",2,"BP",0.111111111111111,0.023610741823983
"BP","GO:0006879","intracellular iron ion homeostasis","1/18","72/18805",0.0138888888888889,14.5100308641975,3.55509801598187,0.0667492938579495,0.187003974062351,0.138851914541599,"BOLA2",1,"BP",0.0555555555555556,0.00382876894442967
"BP","GO:0048255","mRNA stabilization","1/18","72/18805",0.0138888888888889,14.5100308641975,3.55509801598187,0.0667492938579495,0.187003974062351,0.138851914541599,"DND1",1,"BP",0.0555555555555556,0.00382876894442967
"BP","GO:0051101","regulation of DNA binding","1/18","72/18805",0.0138888888888889,14.5100308641975,3.55509801598187,0.0667492938579495,0.187003974062351,0.138851914541599,"ZNF593",1,"BP",0.0555555555555556,0.00382876894442967
"BP","GO:2000134","negative regulation of G1/S transition of mitotic cell cycle","1/18","72/18805",0.0138888888888889,14.5100308641975,3.55509801598187,0.0667492938579495,0.187003974062351,0.138851914541599,"TREX1",1,"BP",0.0555555555555556,0.00382876894442967
"BP","GO:0006163","purine nucleotide metabolic process","2/18","448/18805",0.00446428571428571,4.66393849206349,2.42951163668952,0.0674013823974407,0.187343999892099,0.139104386381788,"TREX1/PGAM2",2,"BP",0.111111111111111,0.0238234512097846
"BP","GO:0044774","mitotic DNA integrity checkpoint signaling","1/18","74/18805",0.0135135135135135,14.1178678678679,3.49970377632992,0.068541947471045,0.189025839509991,0.140353165462913,"TREX1",1,"BP",0.0555555555555556,0.0039351236373305
"BP","GO:0071479","cellular response to ionizing radiation","1/18","75/18805",0.0133333333333333,13.9296296296296,3.47280568511351,0.0694370542430017,0.190009923626199,0.141083855622256,"TREX1",1,"BP",0.0555555555555556,0.00398830098378091
"BP","GO:1903578","regulation of ATP metabolic process","1/18","76/18805",0.0131578947368421,13.7463450292398,3.44641702980645,0.0703313485848932,0.190976661926672,0.141801666377639,"TREX1",1,"BP",0.0555555555555556,0.00404147833023132
"BP","GO:0002637","regulation of immunoglobulin production","1/18","78/18805",0.0128205128205128,13.3938746438746,3.39510297724237,0.0721175027541278,0.194331896734405,0.144292954485961,"TREX1",1,"BP",0.0555555555555556,0.00414783302313215
"BP","GO:0002437","inflammatory response to antigenic stimulus","1/18","80/18805",0.0125,13.0590277777778,3.34563864507004,0.0739004155244898,0.19702315160332,0.146291232292311,"TREX1",1,"BP",0.0555555555555556,0.00425418771603297
"BP","GO:1902373","negative regulation of mRNA catabolic process","1/18","81/18805",0.0123456790123457,12.89780521262,3.32156460407673,0.0747906581157077,0.19702315160332,0.146291232292311,"DND1",1,"BP",0.0555555555555556,0.00430736506248338
"BP","GO:1902807","negative regulation of cell cycle G1/S phase transition","1/18","81/18805",0.0123456790123457,12.89780521262,3.32156460407673,0.0747906581157077,0.19702315160332,0.146291232292311,"TREX1",1,"BP",0.0555555555555556,0.00430736506248338
"BP","GO:0043489","RNA stabilization","1/18","82/18805",0.0121951219512195,12.7405149051491,3.29791158200284,0.0756800924328366,0.197889426879936,0.146934448466092,"DND1",1,"BP",0.0555555555555556,0.00436054240893379
"BP","GO:0006091","generation of precursor metabolites and energy","2/18","484/18805",0.00413223140495868,4.31703397612489,2.2883933106222,0.0771168846508942,0.200163678542394,0.148623098127497,"TREX1/PGAM2",2,"BP",0.111111111111111,0.0257378356819995
"BP","GO:0046928","regulation of neurotransmitter secretion","1/18","85/18805",0.0117647058823529,12.2908496732026,3.22935524373201,0.0783435526441377,0.200400536836091,0.148798967264609,"CPLX3",1,"BP",0.0555555555555556,0.00452007444828503
"BP","GO:0060337","type I interferon-mediated signaling pathway","1/18","85/18805",0.0117647058823529,12.2908496732026,3.22935524373201,0.0783435526441377,0.200400536836091,0.148798967264609,"TREX1",1,"BP",0.0555555555555556,0.00452007444828503
"BP","GO:0071357","cellular response to type I interferon","1/18","86/18805",0.0116279069767442,12.1479328165375,3.2072654239048,0.0792297607665956,0.200572006484072,0.148926284820438,"TREX1",1,"BP",0.0555555555555556,0.00457325179473544
"BP","GO:0022613","ribonucleoprotein complex biogenesis","2/18","494/18805",0.00404858299595142,4.22964462438147,2.25161864573903,0.0798930773142727,0.200572006484072,0.148926284820438,"UTP14C/ZNF593",2,"BP",0.111111111111111,0.0262696091465036
"BP","GO:1900542","regulation of purine nucleotide metabolic process","1/18","87/18805",0.0114942528735632,12.0083014048531,3.18553860729926,0.080115164063043,0.200572006484072,0.148926284820438,"TREX1",1,"BP",0.0555555555555556,0.00462642914118586
"BP","GO:0006140","regulation of nucleotide metabolic process","1/18","88/18805",0.0113636363636364,11.8718434343434,3.16416455683558,0.0809997632214389,0.201358566318084,0.149510311654101,"TREX1",1,"BP",0.0555555555555556,0.00467960648763627
"BP","GO:0006094","gluconeogenesis","1/18","89/18805",0.0112359550561798,11.7384519350811,3.14313343736611,0.0818835589291926,0.201615788322198,0.149701301005598,"PGAM2",1,"BP",0.0555555555555556,0.00473278383408668
"BP","GO:0061515","myeloid cell development","1/18","90/18805",0.0111111111111111,11.608024691358,3.12243579557222,0.0827665518731584,0.201615788322198,0.149701301005598,"GP1BB",1,"BP",0.0555555555555556,0.00478596118053709
"BP","GO:0034644","cellular response to UV","1/18","91/18805",0.010989010989011,11.480463980464,3.10206254107768,0.0836487427396448,0.201615788322198,0.149701301005598,"TREX1",1,"BP",0.0555555555555556,0.0048391385269875
"BP","GO:0140029","exocytic process","1/18","91/18805",0.010989010989011,11.480463980464,3.10206254107768,0.0836487427396448,0.201615788322198,0.149701301005598,"CPLX3",1,"BP",0.0555555555555556,0.0048391385269875
"BP","GO:0019319","hexose biosynthetic process","1/18","92/18805",0.0108695652173913,11.3556763285024,3.08200492869238,0.084530132214406,0.201615788322198,0.149701301005598,"PGAM2",1,"BP",0.0555555555555556,0.00489231587343792
"BP","GO:0034340","response to type I interferon","1/18","92/18805",0.0108695652173913,11.3556763285024,3.08200492869238,0.084530132214406,0.201615788322198,0.149701301005598,"TREX1",1,"BP",0.0555555555555556,0.00489231587343792
"BP","GO:0046364","monosaccharide biosynthetic process","1/18","94/18805",0.0106382978723404,11.1140661938534,3.0428032761681,0.0862905097290324,0.203070332895656,0.150781311737046,"PGAM2",1,"BP",0.0555555555555556,0.00499867056633874
"BP","GO:1902369","negative regulation of RNA catabolic process","1/18","94/18805",0.0106382978723404,11.1140661938534,3.0428032761681,0.0862905097290324,0.203070332895656,0.150781311737046,"DND1",1,"BP",0.0555555555555556,0.00499867056633874
"BP","GO:0051100","negative regulation of binding","1/18","97/18805",0.0103092783505155,10.770332187858,2.98616755477221,0.088925082675356,0.207884464797356,0.154355842357363,"ZNF593",1,"BP",0.0555555555555556,0.00515820260568998
"BP","GO:0002275","myeloid cell activation involved in immune response","1/18","98/18805",0.0102040816326531,10.6604308390023,2.96783748948058,0.0898016781698953,0.208552581539296,0.154851924268033,"TREX1",1,"BP",0.0555555555555556,0.00521137995214039
"BP","GO:0045824","negative regulation of innate immune response","1/18","100/18805",0.01,10.4472222222222,2.93195925727559,0.0915524800199443,0.21122892449046,0.156839129858728,"TREX1",1,"BP",0.0555555555555556,0.00531773464504121
"BP","GO:0016079","synaptic vesicle exocytosis","1/18","102/18805",0.00980392156862745,10.2423747276688,2.89708126674744,0.0933001008910225,0.213095962925703,0.158225420511406,"CPLX3",1,"BP",0.0555555555555556,0.00542408933794204
"BP","GO:0051588","regulation of neurotransmitter transport","1/18","103/18805",0.00970873786407767,10.1429341963323,2.88000231076431,0.0941727201598006,0.213095962925703,0.158225420511406,"CPLX3",1,"BP",0.0555555555555556,0.00547726668439245
"BP","GO:1903312","negative regulation of mRNA metabolic process","1/18","103/18805",0.00970873786407767,10.1429341963323,2.88000231076431,0.0941727201598006,0.213095962925703,0.158225420511406,"DND1",1,"BP",0.0555555555555556,0.00547726668439245
"BP","GO:0001960","negative regulation of cytokine-mediated signaling pathway","1/18","104/18805",0.00961538461538462,10.045405982906,2.86315575800618,0.0950445462231698,0.213698884183305,0.158673094264628,"TREX1",1,"BP",0.0555555555555556,0.00553044403084286
"BP","GO:0032526","response to retinoic acid","1/18","106/18805",0.00943396226415094,9.85587002096436,2.8301381240712,0.0967858214477028,0.215247277140382,0.159822788155524,"OVCA2",1,"BP",0.0555555555555556,0.00563679872374368
"BP","GO:0002377","immunoglobulin production","1/18","108/18805",0.00925925925925926,9.67335390946502,2.79798664764072,0.098523931987229,0.215247277140382,0.159822788155524,"TREX1",1,"BP",0.0555555555555556,0.00574315341664451
"BP","GO:0006626","protein targeting to mitochondrion","1/18","108/18805",0.00925925925925926,9.67335390946502,2.79798664764072,0.098523931987229,0.215247277140382,0.159822788155524,"TOMM6",1,"BP",0.0555555555555556,0.00574315341664451
"BP","GO:0019217","regulation of fatty acid metabolic process","1/18","109/18805",0.00917431192660551,9.58460754332314,2.78222341320575,0.099391802192301,0.215247277140382,0.159822788155524,"TREX1",1,"BP",0.0555555555555556,0.00579633076309492
"BP","GO:0060079","excitatory postsynaptic potential","1/18","109/18805",0.00917431192660551,9.58460754332314,2.78222341320575,0.099391802192301,0.215247277140382,0.159822788155524,"NPFF",1,"BP",0.0555555555555556,0.00579633076309492
"BP","GO:0060761","negative regulation of response to cytokine stimulus","1/18","109/18805",0.00917431192660551,9.58460754332314,2.78222341320575,0.099391802192301,0.215247277140382,0.159822788155524,"TREX1",1,"BP",0.0555555555555556,0.00579633076309492
"BP","GO:0007040","lysosome organization","1/18","111/18805",0.00900900900900901,9.41191191191191,2.75129869722824,0.101125175852685,0.21634658833938,0.160639035325796,"TREX1",1,"BP",0.0555555555555556,0.00590268545599575
"BP","GO:0080171","lytic vacuole organization","1/18","111/18805",0.00900900900900901,9.41191191191191,2.75129869722824,0.101125175852685,0.21634658833938,0.160639035325796,"TREX1",1,"BP",0.0555555555555556,0.00590268545599575
"BP","GO:0140888","interferon-mediated signaling pathway","1/18","112/18805",0.00892857142857143,9.32787698412698,2.73612834880504,0.101990680658219,0.216644516838975,0.160860249568823,"TREX1",1,"BP",0.0555555555555556,0.00595586280244616
"BP","GO:0042116","macrophage activation","1/18","113/18805",0.00884955752212389,9.24532940019666,2.72114699036153,0.10285539834656,0.216644516838975,0.160860249568823,"TREX1",1,"BP",0.0555555555555556,0.00600904014889657
"BP","GO:0000077","DNA damage checkpoint signaling","1/18","114/18805",0.0087719298245614,9.16423001949318,2.70635052264048,0.103719329591464,0.216644516838975,0.160860249568823,"TREX1",1,"BP",0.0555555555555556,0.00606221749534698
"BP","GO:0007218","neuropeptide signaling pathway","1/18","114/18805",0.0087719298245614,9.16423001949318,2.70635052264048,0.103719329591464,0.216644516838975,0.160860249568823,"NPFF",1,"BP",0.0555555555555556,0.00606221749534698
"BP","GO:0019882","antigen processing and presentation","1/18","117/18805",0.00854700854700855,8.9292497625831,2.66303130725903,0.106306411395031,0.220742136602624,0.163902764318036,"TREX1",1,"BP",0.0555555555555556,0.00622174953469822
"BP","GO:0099565","chemical synaptic transmission, postsynaptic","1/18","118/18805",0.00847457627118644,8.85357815442561,2.64893582520387,0.10716720359296,0.221228203908274,0.164263673097242,"NPFF",1,"BP",0.0555555555555556,0.00627492688114863
"BP","GO:0007006","mitochondrial membrane organization","1/18","120/18805",0.00833333333333333,8.70601851851852,2.62123993812732,0.108886439411083,0.223470425070421,0.165928539861443,"TOMM6",1,"BP",0.0555555555555556,0.00638128157404945
"BP","GO:0071482","cellular response to light stimulus","1/18","122/18805",0.00819672131147541,8.56329690346084,2.59418183435527,0.110602548259668,0.225680344136779,0.16756942206667,"TREX1",1,"BP",0.0555555555555556,0.00648763626695028
"BP","GO:0031570","DNA integrity checkpoint signaling","1/18","123/18805",0.00813008130081301,8.4936766034327,2.58088393760656,0.111459431743654,0.226121720721322,0.167897147635632,"TREX1",1,"BP",0.0555555555555556,0.00654081361340069
"BP","GO:0072655","establishment of protein localization to mitochondrion","1/18","127/18805",0.0078740157480315,8.22615923009624,2.52916322387575,0.11487917499991,0.229578426854183,0.170463778997142,"TOMM6",1,"BP",0.0555555555555556,0.00675352299920234
"BP","GO:0006906","vesicle fusion","1/18","128/18805",0.0078125,8.16189236111111,2.51658654959096,0.115732166479191,0.229578426854183,0.170463778997142,"CPLX3",1,"BP",0.0555555555555556,0.00680670034565275
"BP","GO:0032479","regulation of type I interferon production","1/18","129/18805",0.00775193798449612,8.09862187769165,2.50414586038895,0.116584381556739,0.229578426854183,0.170463778997142,"TREX1",1,"BP",0.0555555555555556,0.00685987769210316
"BP","GO:0032606","type I interferon production","1/18","129/18805",0.00775193798449612,8.09862187769165,2.50414586038895,0.116584381556739,0.229578426854183,0.170463778997142,"TREX1",1,"BP",0.0555555555555556,0.00685987769210316
"BP","GO:0039531","regulation of cytoplasmic pattern recognition receptor signaling pathway","1/18","129/18805",0.00775193798449612,8.09862187769165,2.50414586038895,0.116584381556739,0.229578426854183,0.170463778997142,"TREX1",1,"BP",0.0555555555555556,0.00685987769210316
"BP","GO:0090174","organelle membrane fusion","1/18","130/18805",0.00769230769230769,8.03632478632479,2.49183857508147,0.11743582089771,0.229578426854183,0.170463778997142,"CPLX3",1,"BP",0.0555555555555556,0.00691305503855358
"BP","GO:0051209","release of sequestered calcium ion into cytosol","1/18","131/18805",0.00763358778625954,7.97497879558948,2.4796621811222,0.118286485166725,0.229578426854183,0.170463778997142,"GP1BB",1,"BP",0.0555555555555556,0.00696623238500399
"BP","GO:0051283","negative regulation of sequestering of calcium ion","1/18","132/18805",0.00757575757575758,7.91456228956229,2.46761423227085,0.119136375027869,0.229578426854183,0.170463778997142,"GP1BB",1,"BP",0.0555555555555556,0.0070194097314544
"BP","GO:0051282","regulation of sequestering of calcium ion","1/18","134/18805",0.00746268656716418,7.79643449419569,2.44389420311675,0.120833834180224,0.229578426854183,0.170463778997142,"GP1BB",1,"BP",0.0555555555555556,0.00712576442435522
"BP","GO:0002244","hematopoietic progenitor cell differentiation","1/18","135/18805",0.00740740740740741,7.73868312757202,2.43221754216438,0.121681404796942,0.229578426854183,0.170463778997142,"TREX1",1,"BP",0.0555555555555556,0.00717894177080564
"BP","GO:0002832","negative regulation of response to biotic stimulus","1/18","135/18805",0.00740740740740741,7.73868312757202,2.43221754216438,0.121681404796942,0.229578426854183,0.170463778997142,"TREX1",1,"BP",0.0555555555555556,0.00717894177080564
"BP","GO:0070585","protein localization to mitochondrion","1/18","135/18805",0.00740740740740741,7.73868312757202,2.43221754216438,0.121681404796942,0.229578426854183,0.170463778997142,"TOMM6",1,"BP",0.0555555555555556,0.00717894177080564
"BP","GO:0002456","T cell mediated immunity","1/18","137/18805",0.0072992700729927,7.6257096512571,2.40921991304725,0.123374231421238,0.229578426854183,0.170463778997142,"TREX1",1,"BP",0.0555555555555556,0.00728529646370646
"BP","GO:0006639","acylglycerol metabolic process","1/18","137/18805",0.0072992700729927,7.6257096512571,2.40921991304725,0.123374231421238,0.229578426854183,0.170463778997142,"ABHD16B",1,"BP",0.0555555555555556,0.00728529646370646
"BP","GO:0007093","mitotic cell cycle checkpoint signaling","1/18","137/18805",0.0072992700729927,7.6257096512571,2.40921991304725,0.123374231421238,0.229578426854183,0.170463778997142,"TREX1",1,"BP",0.0555555555555556,0.00728529646370646
"BP","GO:0006638","neutral lipid metabolic process","1/18","138/18805",0.0072463768115942,7.57045088566828,2.39789470598967,0.12421948875113,0.229578426854183,0.170463778997142,"ABHD16B",1,"BP",0.0555555555555556,0.00733847381015687
"BP","GO:0051208","sequestering of calcium ion","1/18","138/18805",0.0072463768115942,7.57045088566828,2.39789470598967,0.12421948875113,0.229578426854183,0.170463778997142,"GP1BB",1,"BP",0.0555555555555556,0.00733847381015687
"BP","GO:0030168","platelet activation","1/18","140/18805",0.00714285714285714,7.46230158730159,2.37558130543676,0.125907694748205,0.231486542948522,0.17188057013324,"GP1BB",1,"BP",0.0555555555555556,0.0074448285030577
"BP","GO:0010565","regulation of ketone metabolic process","1/18","142/18805",0.00704225352112676,7.35719874804382,2.35370423886473,0.127592826924551,0.232498909834463,0.172632260470497,"TREX1",1,"BP",0.0555555555555556,0.00755118319595852
"BP","GO:0010212","response to ionizing radiation","1/18","143/18805",0.00699300699300699,7.30574980574981,2.34292462770543,0.128434241976545,0.232498909834463,0.172632260470497,"TREX1",1,"BP",0.0555555555555556,0.00760436054240893
"BP","GO:0043467","regulation of generation of precursor metabolites and energy","1/18","143/18805",0.00699300699300699,7.30574980574981,2.34292462770543,0.128434241976545,0.232498909834463,0.172632260470497,"TREX1",1,"BP",0.0555555555555556,0.00760436054240893
"BP","GO:0045598","regulation of fat cell differentiation","1/18","147/18805",0.00680272108843537,7.10695389266818,2.30082411312723,0.131792243950423,0.236456217717498,0.175570592550043,"ADIRF",1,"BP",0.0555555555555556,0.00781706992821058
"BP","GO:0007269","neurotransmitter secretion","1/18","148/18805",0.00675675675675676,7.05893393393393,2.29054498277145,0.132629833167322,0.236456217717498,0.175570592550043,"CPLX3",1,"BP",0.0555555555555556,0.00787024727466099
"BP","GO:0099643","signal release from synapse","1/18","148/18805",0.00675675675675676,7.05893393393393,2.29054498277145,0.132629833167322,0.236456217717498,0.175570592550043,"CPLX3",1,"BP",0.0555555555555556,0.00787024727466099
"BP","GO:0034614","cellular response to reactive oxygen species","1/18","149/18805",0.00671140939597315,7.01155853840418,2.28036099689847,0.133466659184527,0.236752415538381,0.17579052175058,"TREX1",1,"BP",0.0555555555555556,0.00792342462111141
"BP","GO:0060078","regulation of postsynaptic membrane potential","1/18","150/18805",0.00666666666666667,6.96481481481481,2.27027059419412,0.134302722656582,0.237044305488868,0.176007252323626,"NPFF",1,"BP",0.0555555555555556,0.00797660196756182
"BP","GO:0009411","response to UV","1/18","157/18805",0.00636942675159236,6.65428167020524,2.20213424857567,0.140133870568186,0.246105752788904,0.182735447873676,"TREX1",1,"BP",0.0555555555555556,0.0083488433927147
"BP","GO:0042770","signal transduction in response to DNA damage","1/18","171/18805",0.00584795321637427,6.10948667966212,2.0775665152958,0.151685061264225,0.265073399139958,0.196819073761293,"TREX1",1,"BP",0.0555555555555556,0.00909332624302047
"BP","GO:0048284","organelle fusion","1/18","174/18805",0.00574712643678161,6.00415070242656,2.05267209124106,0.154141175054038,0.268038595044707,0.199020754931063,"CPLX3",1,"BP",0.0555555555555556,0.00925285828237171
"BP","GO:0071897","DNA biosynthetic process","1/18","175/18805",0.00571428571428571,5.96984126984127,2.04450308958664,0.154958386092041,0.268138775933776,0.199095140025377,"TREX1",1,"BP",0.0555555555555556,0.00930603562882212
"BP","GO:2000045","regulation of G1/S transition of mitotic cell cycle","1/18","176/18805",0.00568181818181818,5.93592171717172,2.03639715642152,0.155774851419488,0.268236695371118,0.199167845974082,"TREX1",1,"BP",0.0555555555555556,0.00935921297527253
"BP","GO:0006839","mitochondrial transport","1/18","183/18805",0.00546448087431694,5.70886460230722,1.98135019895576,0.161469282550856,0.26993539105623,0.200429140817061,"TOMM6",1,"BP",0.0555555555555556,0.00973145440042542
"BP","GO:0006109","regulation of carbohydrate metabolic process","1/18","184/18805",0.00543478260869565,5.67783816425121,1.97371872036342,0.162279805207611,0.26993539105623,0.200429140817061,"TREX1",1,"BP",0.0555555555555556,0.00978463174687583
"BP","GO:0006575","modified amino acid metabolic process","1/18","184/18805",0.00543478260869565,5.67783816425121,1.97371872036342,0.162279805207611,0.26993539105623,0.200429140817061,"ABHD16B",1,"BP",0.0555555555555556,0.00978463174687583
"BP","GO:0071478","cellular response to radiation","1/18","185/18805",0.00540540540540541,5.64714714714715,1.96614302160344,0.163089587899532,0.26993539105623,0.200429140817061,"TREX1",1,"BP",0.0555555555555556,0.00983780909332624
"BP","GO:0000075","cell cycle checkpoint signaling","1/18","186/18805",0.00537634408602151,5.61678614097969,1.95862236760102,0.163898631262465,0.26993539105623,0.200429140817061,"TREX1",1,"BP",0.0555555555555556,0.00989098643977666
"BP","GO:0002753","cytoplasmic pattern recognition receptor signaling pathway","1/18","186/18805",0.00537634408602151,5.61678614097969,1.95862236760102,0.163898631262465,0.26993539105623,0.200429140817061,"TREX1",1,"BP",0.0555555555555556,0.00989098643977666
"BP","GO:0007219","Notch signaling pathway","1/18","187/18805",0.0053475935828877,5.58674985145573,1.9511560369293,0.164706935931742,0.26993539105623,0.200429140817061,"PGAM2",1,"BP",0.0555555555555556,0.00994416378622707
"BP","GO:0001959","regulation of cytokine-mediated signaling pathway","1/18","189/18805",0.00529100529100529,5.52763080540858,1.93638352616731,0.166321331728103,0.26993539105623,0.200429140817061,"TREX1",1,"BP",0.0555555555555556,0.0100505184791279
"BP","GO:0032640","tumor necrosis factor production","1/18","191/18805",0.00523560209424084,5.46974985456661,1.92181997873007,0.167932780361048,0.26993539105623,0.200429140817061,"TREX1",1,"BP",0.0555555555555556,0.0101568731720287
"BP","GO:0032680","regulation of tumor necrosis factor production","1/18","191/18805",0.00523560209424084,5.46974985456661,1.92181997873007,0.167932780361048,0.26993539105623,0.200429140817061,"TREX1",1,"BP",0.0555555555555556,0.0101568731720287
"BP","GO:0062207","regulation of pattern recognition receptor signaling pathway","1/18","191/18805",0.00523560209424084,5.46974985456661,1.92181997873007,0.167932780361048,0.26993539105623,0.200429140817061,"TREX1",1,"BP",0.0555555555555556,0.0101568731720287
"BP","GO:0097553","calcium ion transmembrane import into cytosol","1/18","191/18805",0.00523560209424084,5.46974985456661,1.92181997873007,0.167932780361048,0.26993539105623,0.200429140817061,"GP1BB",1,"BP",0.0555555555555556,0.0101568731720287
"BP","GO:1901991","negative regulation of mitotic cell cycle phase transition","1/18","192/18805",0.00520833333333333,5.44126157407407,1.91461489872946,0.168737401074141,0.26993539105623,0.200429140817061,"TREX1",1,"BP",0.0555555555555556,0.0102100505184791
"BP","GO:0006006","glucose metabolic process","1/18","193/18805",0.00518134715025907,5.41306850892343,1.90746008252673,0.16954128689484,0.26993539105623,0.200429140817061,"PGAM2",1,"BP",0.0555555555555556,0.0102632278649295
"BP","GO:0061025","membrane fusion","1/18","193/18805",0.00518134715025907,5.41306850892343,1.90746008252673,0.16954128689484,0.26993539105623,0.200429140817061,"CPLX3",1,"BP",0.0555555555555556,0.0102632278649295
"BP","GO:0006941","striated muscle contraction","1/18","194/18805",0.00515463917525773,5.38516609392898,1.9003548956268,0.170344438454903,0.26993539105623,0.200429140817061,"PGAM2",1,"BP",0.0555555555555556,0.01031640521138
"BP","GO:0061157","mRNA destabilization","1/18","194/18805",0.00515463917525773,5.38516609392898,1.9003548956268,0.170344438454903,0.26993539105623,0.200429140817061,"DND1",1,"BP",0.0555555555555556,0.01031640521138
"BP","GO:0071706","tumor necrosis factor superfamily cytokine production","1/18","196/18805",0.00510204081632653,5.33021541950113,1.88629092795739,0.171948541317608,0.26993539105623,0.200429140817061,"TREX1",1,"BP",0.0555555555555556,0.0104227599042808
"BP","GO:1903555","regulation of tumor necrosis factor superfamily cytokine production","1/18","196/18805",0.00510204081632653,5.33021541950113,1.88629092795739,0.171948541317608,0.26993539105623,0.200429140817061,"TREX1",1,"BP",0.0555555555555556,0.0104227599042808
"BP","GO:0002700","regulation of production of molecular mediator of immune response","1/18","197/18805",0.0050761421319797,5.30315848843768,1.8793309336329,0.172749493881221,0.26993539105623,0.200429140817061,"TREX1",1,"BP",0.0555555555555556,0.0104759372507312
"BP","GO:0050779","RNA destabilization","1/18","198/18805",0.00505050505050505,5.27637485970819,1.87241814100616,0.173549714706143,0.26993539105623,0.200429140817061,"DND1",1,"BP",0.0555555555555556,0.0105291145971816
"BP","GO:0046890","regulation of lipid biosynthetic process","1/18","199/18805",0.0050251256281407,5.249860413177,1.86555196953178,0.174349204421588,0.26993539105623,0.200429140817061,"TREX1",1,"BP",0.0555555555555556,0.010582291943632
"BP","GO:0061014","positive regulation of mRNA catabolic process","1/18","199/18805",0.0050251256281407,5.249860413177,1.86555196953178,0.174349204421588,0.26993539105623,0.200429140817061,"DND1",1,"BP",0.0555555555555556,0.010582291943632
"BP","GO:0000302","response to reactive oxygen species","1/18","201/18805",0.00497512437810945,5.19762299613046,1.85195721798854,0.175945993038377,0.270038850184988,0.200505960030004,"TREX1",1,"BP",0.0555555555555556,0.0106886466365328
"BP","GO:0060759","regulation of response to cytokine stimulus","1/18","201/18805",0.00497512437810945,5.19762299613046,1.85195721798854,0.175945993038377,0.270038850184988,0.200505960030004,"TREX1",1,"BP",0.0555555555555556,0.0106886466365328
"BP","GO:0016064","immunoglobulin mediated immune response","1/18","205/18805",0.0048780487804878,5.09620596205962,1.82530271549606,0.179130824587478,0.272556814997327,0.202375568612895,"TREX1",1,"BP",0.0555555555555556,0.0109013560223345
"BP","GO:1902806","regulation of cell cycle G1/S phase transition","1/18","205/18805",0.0048780487804878,5.09620596205962,1.82530271549606,0.179130824587478,0.272556814997327,0.202375568612895,"TREX1",1,"BP",0.0555555555555556,0.0109013560223345
"BP","GO:0016051","carbohydrate biosynthetic process","1/18","207/18805",0.00483091787439614,5.04696725711218,1.81223451621206,0.180718877542684,0.27262292210499,0.202424653657798,"PGAM2",1,"BP",0.0555555555555556,0.0110077107152353
"BP","GO:0030073","insulin secretion","1/18","207/18805",0.00483091787439614,5.04696725711218,1.81223451621206,0.180718877542684,0.27262292210499,0.202424653657798,"CPLX3",1,"BP",0.0555555555555556,0.0110077107152353
"BP","GO:0019724","B cell mediated immunity","1/18","208/18805",0.00480769230769231,5.02270299145299,1.80576340091347,0.181511815503983,0.272653918608111,0.202447668803995,"TREX1",1,"BP",0.0555555555555556,0.0110608880616857
"BP","GO:0051098","regulation of binding","1/18","209/18805",0.00478468899521531,4.99867091972355,1.79933362009807,0.182304028620127,0.272683568232647,0.2024696838823,"ZNF593",1,"BP",0.0555555555555556,0.0111140654081361
"BP","GO:0006836","neurotransmitter transport","1/18","211/18805",0.004739336492891,4.95129015271195,1.78659614515512,0.183886282811075,0.273889695494977,0.203365242815713,"CPLX3",1,"BP",0.0555555555555556,0.011220420101037
"BP","GO:0051651","maintenance of location in cell","1/18","212/18805",0.00471698113207547,4.92793501048218,1.78028751224723,0.184676325131684,0.2739106839138,0.203380826880979,"GP1BB",1,"BP",0.0555555555555556,0.0112735974474874
"BP","GO:0050777","negative regulation of immune response","1/18","214/18805",0.00467289719626168,4.8818795430945,1.76778816568526,0.186254243333915,0.27509517948482,0.204260324114269,"TREX1",1,"BP",0.0555555555555556,0.0113799521403882
"BP","GO:0006364","rRNA processing","1/18","222/18805",0.0045045045045045,4.70595595595596,1.71929928857298,0.192537121299205,0.280849602556278,0.208533028288395,"UTP14C",1,"BP",0.0555555555555556,0.0118053709119915
"BP","GO:0007601","visual perception","1/18","222/18805",0.0045045045045045,4.70595595595596,1.71929928857298,0.192537121299205,0.280849602556278,0.208533028288395,"CPLX3",1,"BP",0.0555555555555556,0.0118053709119915
"BP","GO:0099504","synaptic vesicle cycle","1/18","222/18805",0.0045045045045045,4.70595595595596,1.71929928857298,0.192537121299205,0.280849602556278,0.208533028288395,"CPLX3",1,"BP",0.0555555555555556,0.0118053709119915
"BP","GO:0051235","maintenance of location","1/18","224/18805",0.00446428571428571,4.66393849206349,1.70753768802327,0.194100666835368,0.281965166225863,0.209361343045296,"GP1BB",1,"BP",0.0555555555555556,0.0119117256048923
"BP","GO:0050953","sensory perception of light stimulus","1/18","226/18805",0.00442477876106195,4.62266470009833,1.69591408687734,0.195661352663818,0.28300151158069,0.210130837583396,"CPLX3",1,"BP",0.0555555555555556,0.0120180802977931
"BP","GO:0042180","ketone metabolic process","1/18","227/18805",0.00440528634361234,4.60230053842389,1.69015310831666,0.196440624726472,0.28300151158069,0.210130837583396,"TREX1",1,"BP",0.0555555555555556,0.0120712576442436
"BP","GO:0045055","regulated exocytosis","1/18","228/18805",0.0043859649122807,4.58211500974659,1.68442552757136,0.19721918370779,0.28300151158069,0.210130837583396,"CPLX3",1,"BP",0.0555555555555556,0.012124434990694
"BP","GO:0002440","production of molecular mediator of immune response","1/18","231/18805",0.00432900432900433,4.52260702260702,1.66743964104762,0.199550588302874,0.285187682878197,0.211754086884362,"TREX1",1,"BP",0.0555555555555556,0.0122839670300452
"BP","GO:1903313","positive regulation of mRNA metabolic process","1/18","234/18805",0.00427350427350427,4.46462488129155,1.65074184249254,0.201875597246055,0.287347120273618,0.213357486053768,"DND1",1,"BP",0.0555555555555556,0.0124434990693964
"BP","GO:0019318","hexose metabolic process","1/18","237/18805",0.00421940928270042,4.40811064228786,1.63432321909017,0.204194227052887,0.28825851867763,0.214034206502847,"PGAM2",1,"BP",0.0555555555555556,0.0126030311087477
"BP","GO:0006909","phagocytosis","1/18","238/18805",0.00420168067226891,4.38958916900093,1.62891089916945,0.204965688918088,0.28825851867763,0.214034206502847,"TREX1",1,"BP",0.0555555555555556,0.0126562084551981
"BP","GO:0007033","vacuole organization","1/18","238/18805",0.00420168067226891,4.38958916900093,1.62891089916945,0.204965688918088,0.28825851867763,0.214034206502847,"TREX1",1,"BP",0.0555555555555556,0.0126562084551981
"BP","GO:0000082","G1/S transition of mitotic cell cycle","1/18","240/18805",0.00416666666666667,4.35300925925926,1.61817524468345,0.206506494198935,0.289203047855872,0.214735526811129,"TREX1",1,"BP",0.0555555555555556,0.0127625631480989
"BP","GO:0007596","blood coagulation","1/18","241/18805",0.004149377593361,4.3349469801752,1.61285131011136,0.207275838831546,0.289203047855872,0.214735526811129,"GP1BB",1,"BP",0.0555555555555556,0.0128157404945493
"BP","GO:0045333","cellular respiration","1/18","245/18805",0.00408163265306122,4.26417233560091,1.59184138766354,0.210346178151554,0.29060827975223,0.215778922493828,"TREX1",1,"BP",0.0555555555555556,0.013028449880351
"BP","GO:0045930","negative regulation of mitotic cell cycle","1/18","246/18805",0.0040650406504065,4.24683830171635,1.5866589445094,0.211112006211536,0.29060827975223,0.215778922493828,"TREX1",1,"BP",0.0555555555555556,0.0130816272268014
"BP","GO:0050817","coagulation","1/18","246/18805",0.0040650406504065,4.24683830171635,1.5866589445094,0.211112006211536,0.29060827975223,0.215778922493828,"GP1BB",1,"BP",0.0555555555555556,0.0130816272268014
"BP","GO:0007599","hemostasis","1/18","248/18805",0.00403225806451613,4.21258960573477,1.57637617545745,0.212641558446243,0.29060827975223,0.215778922493828,"GP1BB",1,"BP",0.0555555555555556,0.0131879819197022
"BP","GO:0030072","peptide hormone secretion","1/18","250/18805",0.004,4.17888888888889,1.56620111742351,0.214168309530186,0.29060827975223,0.215778922493828,"CPLX3",1,"BP",0.0555555555555556,0.013294336612603
"BP","GO:0002274","myeloid leukocyte activation","1/18","251/18805",0.00398406374501992,4.1622399291722,1.56115332684174,0.214930636149881,0.29060827975223,0.215778922493828,"TREX1",1,"BP",0.0555555555555556,0.0133475139590534
"BP","GO:0008654","phospholipid biosynthetic process","1/18","251/18805",0.00398406374501992,4.1622399291722,1.56115332684174,0.214930636149881,0.29060827975223,0.215778922493828,"SERINC4",1,"BP",0.0555555555555556,0.0133475139590534
"BP","GO:0048738","cardiac muscle tissue development","1/18","251/18805",0.00398406374501992,4.1622399291722,1.56115332684174,0.214930636149881,0.29060827975223,0.215778922493828,"TREX1",1,"BP",0.0555555555555556,0.0133475139590534
"BP","GO:0045444","fat cell differentiation","1/18","252/18805",0.00396825396825397,4.14572310405644,1.55613168735557,0.215692264292023,0.29060827975223,0.215778922493828,"ADIRF",1,"BP",0.0555555555555556,0.0134006913055039
"BP","GO:0034599","cellular response to oxidative stress","1/18","254/18805",0.00393700787401575,4.11307961504812,1.54616585901028,0.21721342755261,0.29154501873031,0.21647445851751,"TREX1",1,"BP",0.0555555555555556,0.0135070459984047
"BP","GO:0002790","peptide secretion","1/18","257/18805",0.00389105058365759,4.06506701253783,1.53140707175761,0.219489948905091,0.293386157666107,0.217841518589118,"CPLX3",1,"BP",0.0555555555555556,0.0136665780377559
"BP","GO:0099003","vesicle-mediated transport in synapse","1/18","258/18805",0.00387596899224806,4.04931093884582,1.52653717471958,0.2202473988145,0.293386157666107,0.217841518589118,"CPLX3",1,"BP",0.0555555555555556,0.0137197553842063
"BP","GO:0005996","monosaccharide metabolic process","1/18","260/18805",0.00384615384615385,4.01816239316239,1.51687053286519,0.221760216418595,0.29429081351791,0.218513232640404,"PGAM2",1,"BP",0.0555555555555556,0.0138261100771072
"BP","GO:0003015","heart process","1/18","263/18805",0.00380228136882129,3.97232784114913,1.50255006440296,0.224024246265092,0.296181868657593,0.219917355884123,"TREX1",1,"BP",0.0555555555555556,0.0139856421164584
"BP","GO:0016072","rRNA metabolic process","1/18","265/18805",0.00377358490566038,3.94234800838574,1.49312018338852,0.225530142093934,0.297060224474473,0.220569541953612,"UTP14C",1,"BP",0.0555555555555556,0.0140919968093592
"BP","GO:0044843","cell cycle G1/S phase transition","1/18","271/18805",0.003690036900369,3.85506355063551,1.46537406819815,0.230031286492851,0.301441991416365,0.223823038206873,"TREX1",1,"BP",0.0555555555555556,0.0144110608880617
"BP","GO:0003007","heart morphogenesis","1/18","272/18805",0.00367647058823529,3.84089052287582,1.46082685222274,0.230779070934586,0.301441991416365,0.223823038206873,"TREX1",1,"BP",0.0555555555555556,0.0144642382345121
"BP","GO:1901988","negative regulation of cell cycle phase transition","1/18","273/18805",0.00366300366300366,3.82682132682133,1.45630115196364,0.231526169446602,0.301441991416365,0.223823038206873,"TREX1",1,"BP",0.0555555555555556,0.0145174155809625
"BP","GO:0043488","regulation of mRNA stability","1/18","274/18805",0.00364963503649635,3.81285482562855,1.45179677675549,0.232272582621108,0.301441991416365,0.223823038206873,"DND1",1,"BP",0.0555555555555556,0.0145705929274129
"BP","GO:0090150","establishment of protein localization to membrane","1/18","279/18805",0.003584229390681,3.74452409398646,1.4295882687562,0.235994389124908,0.304992905282672,0.226459619547891,"TOMM6",1,"BP",0.0555555555555556,0.014836479659665
"BP","GO:0006260","DNA replication","1/18","280/18805",0.00357142857142857,3.73115079365079,1.42520797138063,0.236736702684,0.304992905282672,0.226459619547891,"TREX1",1,"BP",0.0555555555555556,0.0148896570061154
"BP","GO:0015833","peptide transport","1/18","283/18805",0.00353356890459364,3.69159795838241,1.41218672334898,0.238959558481799,0.306737178705727,0.227754756218059,"CPLX3",1,"BP",0.0555555555555556,0.0150491890454666
"BP","GO:0043487","regulation of RNA stability","1/18","287/18805",0.00348432055749129,3.64014711575687,1.39509792303445,0.241913856762097,0.309226390633461,0.229603015559063,"DND1",1,"BP",0.0555555555555556,0.0152618984312683
"BP","GO:0002221","pattern recognition receptor signaling pathway","1/18","288/18805",0.00347222222222222,3.62750771604938,1.39087335300332,0.242650737125974,0.309226390633461,0.229603015559063,"TREX1",1,"BP",0.0555555555555556,0.0153150757777187
"BP","GO:0061013","regulation of mRNA catabolic process","1/18","290/18805",0.00344827586206897,3.60249042145594,1.38248025288743,0.24412246890337,0.309982847204639,0.230164690484435,"DND1",1,"BP",0.0555555555555556,0.0154214304706195
"BP","GO:0051321","meiotic cell cycle","1/18","293/18805",0.00341296928327645,3.56560485400076,1.3700283814724,0.246325002955251,0.311658516283884,0.231408887892313,"UTP14C",1,"BP",0.0555555555555556,0.0155809625099708
"BP","GO:0006650","glycerophospholipid metabolic process","1/18","302/18805",0.0033112582781457,3.4593451066961,1.33362745749388,0.252896293838256,0.318829970446087,0.23673374874333,"ABHD16B",1,"BP",0.0555555555555556,0.0160595586280245
"BP","GO:0002758","innate immune response-activating signaling pathway","1/18","305/18805",0.00327868852459016,3.42531876138433,1.32179936202966,0.255074672605405,0.320202876170186,0.237753141990089,"TREX1",1,"BP",0.0555555555555556,0.0162190906673757
"BP","GO:0006874","intracellular calcium ion homeostasis","1/18","306/18805",0.00326797385620915,3.41412490922295,1.31788944686231,0.255799464815843,0.320202876170186,0.237753141990089,"GP1BB",1,"BP",0.0555555555555556,0.0162722680138261
"BP","GO:0031348","negative regulation of defense response","1/18","308/18805",0.00324675324675325,3.39195526695527,1.3101180180947,0.257247051629,0.320877064399424,0.238253732027603,"TREX1",1,"BP",0.0555555555555556,0.0163786227067269
"BP","GO:0010948","negative regulation of cell cycle process","1/18","315/18805",0.00317460317460317,3.31657848324515,1.28341318209015,0.262292690988096,0.32547828825602,0.241670176757862,"TREX1",1,"BP",0.0555555555555556,0.0167508641318798
"BP","GO:0002366","leukocyte activation involved in immune response","1/18","319/18805",0.00313479623824451,3.27499129223267,1.26848770463479,0.265161361214265,0.32547828825602,0.241670176757862,"TREX1",1,"BP",0.0555555555555556,0.0169635735176815
"BP","GO:0046879","hormone secretion","1/18","320/18805",0.003125,3.26475694444444,1.26479318788868,0.265876880823599,0.32547828825602,0.241670176757862,"CPLX3",1,"BP",0.0555555555555556,0.0170167508641319
"BP","GO:0051607","defense response to virus","1/18","321/18805",0.00311526479750779,3.254586362063,1.2611131901006,0.266591742394882,0.32547828825602,0.241670176757862,"TREX1",1,"BP",0.0555555555555556,0.0170699282105823
"BP","GO:0002263","cell activation involved in immune response","1/18","323/18805",0.00309597523219814,3.234434124527,1.25379631670832,0.268019493701263,0.32547828825602,0.241670176757862,"TREX1",1,"BP",0.0555555555555556,0.0171762829034831
"BP","GO:0062197","cellular response to chemical stress","1/18","323/18805",0.00309597523219814,3.234434124527,1.25379631670832,0.268019493701263,0.32547828825602,0.241670176757862,"TREX1",1,"BP",0.0555555555555556,0.0171762829034831
"BP","GO:0001822","kidney development","1/18","325/18805",0.00307692307692308,3.21452991452991,1.24653622661145,0.269444619684714,0.32547828825602,0.241670176757862,"TREX1",1,"BP",0.0555555555555556,0.0172826375963839
"BP","GO:0002218","activation of innate immune response","1/18","325/18805",0.00307692307692308,3.21452991452991,1.24653622661145,0.269444619684714,0.32547828825602,0.241670176757862,"TREX1",1,"BP",0.0555555555555556,0.0172826375963839
"BP","GO:0009101","glycoprotein biosynthetic process","1/18","326/18805",0.00306748466257669,3.2046693933197,1.24292721218492,0.270156199600606,0.32547828825602,0.241670176757862,"TREX1",1,"BP",0.0555555555555556,0.0173358149428344
"BP","GO:0009416","response to light stimulus","1/18","326/18805",0.00306748466257669,3.2046693933197,1.24292721218492,0.270156199600606,0.32547828825602,0.241670176757862,"TREX1",1,"BP",0.0555555555555556,0.0173358149428344
"BP","GO:0042886","amide transport","1/18","328/18805",0.00304878048780488,3.18512872628726,1.235750728031,0.271577396117215,0.326077621868628,0.242115186656593,"CPLX3",1,"BP",0.0555555555555556,0.0174421696357352
"BP","GO:0009914","hormone transport","1/18","331/18805",0.00302114803625378,3.15626049009735,1.22508834621706,0.273704291099865,0.326410860669772,0.242362619074916,"CPLX3",1,"BP",0.0555555555555556,0.0176017016750864
"BP","GO:0055074","calcium ion homeostasis","1/18","331/18805",0.00302114803625378,3.15626049009735,1.22508834621706,0.273704291099865,0.326410860669772,0.242362619074916,"GP1BB",1,"BP",0.0555555555555556,0.0176017016750864
"BP","GO:0072001","renal system development","1/18","336/18805",0.00297619047619048,3.10929232804233,1.20758407519212,0.277236087632575,0.329509558701343,0.244663426618859,"TREX1",1,"BP",0.0555555555555556,0.0178675884073385
"BP","GO:0006605","protein targeting","1/18","339/18805",0.00294985250737463,3.08177646673222,1.19723714988492,0.279347373288675,0.330904774399,0.24569938519562,"TOMM6",1,"BP",0.0555555555555556,0.0180271204466897
"BP","GO:0019216","regulation of lipid metabolic process","1/18","343/18805",0.00291545189504373,3.04583738257208,1.18361770485006,0.282153361323002,0.331646550716044,0.246250159917385,"TREX1",1,"BP",0.0555555555555556,0.0182398298324914
"BP","GO:0071214","cellular response to abiotic stimulus","1/18","344/18805",0.00290697674418605,3.03698320413437,1.18024376364774,0.282853244298638,0.331646550716044,0.246250159917385,"TREX1",1,"BP",0.0555555555555556,0.0182930071789418
"BP","GO:0104004","cellular response to environmental stimulus","1/18","344/18805",0.00290697674418605,3.03698320413437,1.18024376364774,0.282853244298638,0.331646550716044,0.246250159917385,"TREX1",1,"BP",0.0555555555555556,0.0182930071789418
"BP","GO:0010038","response to metal ion","1/18","347/18805",0.00288184438040346,3.01072686519372,1.17019477126578,0.284949028493297,0.331646550716044,0.246250159917385,"PGAM2",1,"BP",0.0555555555555556,0.018452539218293
"BP","GO:0062012","regulation of small molecule metabolic process","1/18","347/18805",0.00288184438040346,3.01072686519372,1.17019477126578,0.284949028493297,0.331646550716044,0.246250159917385,"TREX1",1,"BP",0.0555555555555556,0.018452539218293
"BP","GO:0016042","lipid catabolic process","1/18","350/18805",0.00285714285714286,2.98492063492063,1.16025326748797,0.287039027306069,0.331646550716044,0.246250159917385,"ABHD16B",1,"BP",0.0555555555555556,0.0186120712576442
"BP","GO:0070588","calcium ion transmembrane transport","1/18","350/18805",0.00285714285714286,2.98492063492063,1.16025326748797,0.287039027306069,0.331646550716044,0.246250159917385,"GP1BB",1,"BP",0.0555555555555556,0.0186120712576442
"BP","GO:0006310","DNA recombination","1/18","352/18805",0.00284090909090909,2.96796085858586,1.15368422245103,0.28842915317231,0.331646550716044,0.246250159917385,"TREX1",1,"BP",0.0555555555555556,0.0187184259505451
"BP","GO:0015980","energy derivation by oxidation of organic compounds","1/18","352/18805",0.00284090909090909,2.96796085858586,1.15368422245103,0.28842915317231,0.331646550716044,0.246250159917385,"TREX1",1,"BP",0.0555555555555556,0.0187184259505451
"BP","GO:0006402","mRNA catabolic process","1/18","357/18805",0.00280112044817927,2.92639277933396,1.13746216798757,0.291893276873865,0.332880658991775,0.247166494972274,"DND1",1,"BP",0.0555555555555556,0.0189843126827971
"BP","GO:0006887","exocytosis","1/18","358/18805",0.00279329608938547,2.91821849782744,1.13425152080912,0.292584187596777,0.332880658991775,0.247166494972274,"CPLX3",1,"BP",0.0555555555555556,0.0190374900292475
"BP","GO:1901990","regulation of mitotic cell cycle phase transition","1/18","358/18805",0.00279329608938547,2.91821849782744,1.13425152080912,0.292584187596777,0.332880658991775,0.247166494972274,"TREX1",1,"BP",0.0555555555555556,0.0190374900292475
"BP","GO:0006936","muscle contraction","1/18","359/18805",0.00278551532033426,2.91008975549365,1.13105195193444,0.293274461604651,0.332880658991775,0.247166494972274,"PGAM2",1,"BP",0.0555555555555556,0.019090667375698
"BP","GO:0009895","negative regulation of catabolic process","1/18","368/18805",0.00271739130434783,2.8389190821256,1.10274235859497,0.299458366477743,0.33881026720078,0.251569275482314,"DND1",1,"BP",0.0555555555555556,0.0195692634937517
"BP","GO:0044282","small molecule catabolic process","1/18","370/18805",0.0027027027027027,2.82357357357357,1.09656716421428,0.300825610131506,0.339269777560452,0.251910465521254,"PGAM2",1,"BP",0.0555555555555556,0.0196756181866525
"BP","GO:0009306","protein secretion","1/18","372/18805",0.00268817204301075,2.80839307048984,1.09043290599867,0.302190333316061,0.339723527581432,0.252247378463625,"CPLX3",1,"BP",0.0555555555555556,0.0197819728795533
"BP","GO:0035592","establishment of protein localization to extracellular region","1/18","375/18805",0.00266666666666667,2.78592592592593,1.08130712397286,0.304232701778345,0.340933789611924,0.253146007494764,"CPLX3",1,"BP",0.0555555555555556,0.0199415049189045
"BP","GO:0071692","protein localization to extracellular region","1/18","383/18805",0.00261096605744125,2.72773426167682,1.05740314966891,0.309651452530127,0.344740232919994,0.255972321446484,"CPLX3",1,"BP",0.0555555555555556,0.0203669236905078
"BP","GO:0002449","lymphocyte mediated immunity","1/18","384/18805",0.00260416666666667,2.72063078703704,1.05445817082965,0.310325986991883,0.344740232919994,0.255972321446484,"TREX1",1,"BP",0.0555555555555556,0.0204201010369583
"BP","GO:0050878","regulation of body fluid levels","1/18","388/18805",0.00257731958762887,2.69258304696449,1.0427712804363,0.313017905236628,0.344740232919994,0.255972321446484,"GP1BB",1,"BP",0.0555555555555556,0.0206328104227599
"BP","GO:0016050","vesicle organization","1/18","389/18805",0.0025706940874036,2.68566123964582,1.03987252666793,0.313689332597531,0.344740232919994,0.255972321446484,"CPLX3",1,"BP",0.0555555555555556,0.0206859877692103
"BP","GO:0007281","germ cell development","1/18","391/18805",0.00255754475703325,2.67192384200057,1.03410218642976,0.315030328453239,0.344740232919994,0.255972321446484,"DND1",1,"BP",0.0555555555555556,0.0207923424621111
"BP","GO:0050867","positive regulation of cell activation","1/18","392/18805",0.00255102040816327,2.66510770975057,1.03123048899878,0.315699898024643,0.344740232919994,0.255972321446484,"GP1BB",1,"BP",0.0555555555555556,0.0208455198085616
"BP","GO:0030522","intracellular receptor signaling pathway","1/18","393/18805",0.00254452926208651,2.65832626519649,1.02836770019425,0.31636884940875,0.344740232919994,0.255972321446484,"TREX1",1,"BP",0.0555555555555556,0.020898697155012
"BP","GO:0045089","positive regulation of innate immune response","1/18","395/18805",0.00253164556962025,2.64486638537271,1.02266863183253,0.317704899763447,0.344740232919994,0.255972321446484,"TREX1",1,"BP",0.0555555555555556,0.0210050518479128
"BP","GO:0046486","glycerolipid metabolic process","1/18","395/18805",0.00253164556962025,2.64486638537271,1.02266863183253,0.317704899763447,0.344740232919994,0.255972321446484,"ABHD16B",1,"BP",0.0555555555555556,0.0210050518479128
"BP","GO:0050863","regulation of T cell activation","1/18","395/18805",0.00253164556962025,2.64486638537271,1.02266863183253,0.317704899763447,0.344740232919994,0.255972321446484,"TREX1",1,"BP",0.0555555555555556,0.0210050518479128
"BP","GO:0002460","adaptive immune response based on somatic recombination of immune receptors built from immunoglobulin superfamily domains","1/18","396/18805",0.00252525252525253,2.6381874298541,1.01983224513414,0.318371999807133,0.344740232919994,0.255972321446484,"TREX1",1,"BP",0.0555555555555556,0.0210582291943632
"BP","GO:0009100","glycoprotein metabolic process","1/18","400/18805",0.0025,2.61180555555556,1.00857311973375,0.321034244923174,0.346559903540919,0.257323441126253,"TREX1",1,"BP",0.0555555555555556,0.0212709385801648
"BP","GO:1903311","regulation of mRNA metabolic process","1/18","404/18805",0.00247524752475248,2.58594609460946,0.997449800560064,0.323686667600052,0.348008904581404,0.258399335741075,"DND1",1,"BP",0.0555555555555556,0.0214836479659665
"BP","GO:0045786","negative regulation of cell cycle","1/18","405/18805",0.00246913580246914,2.57956104252401,0.994689813047989,0.324348242513546,0.348008904581404,0.258399335741075,"TREX1",1,"BP",0.0555555555555556,0.0215368253124169
"BP","GO:0006979","response to oxidative stress","1/18","408/18805",0.00245098039215686,2.56059368191721,0.986459087133595,0.326329301953603,0.349073465423097,0.259189780499034,"TREX1",1,"BP",0.0555555555555556,0.0216963573517681
"BP","GO:0006631","fatty acid metabolic process","1/18","413/18805",0.00242130750605327,2.52959375840732,0.972902469139403,0.329618881859382,0.350806164508234,0.260476323132698,"TREX1",1,"BP",0.0555555555555556,0.0219622440840202
"BP","GO:0002697","regulation of immune effector process","1/18","414/18805",0.00241545893719807,2.52348362855609,0.970214913702732,0.330274974732725,0.350806164508234,0.260476323132698,"TREX1",1,"BP",0.0555555555555556,0.0220154214304706
"BP","GO:0006401","RNA catabolic process","1/18","415/18805",0.00240963855421687,2.51740294511379,0.967535174194346,0.330930461136663,0.350806164508234,0.260476323132698,"DND1",1,"BP",0.0555555555555556,0.022068598776921
"BP","GO:0014706","striated muscle tissue development","1/18","423/18805",0.00236406619385343,2.46979248752298,0.946373306827623,0.336152582697416,0.354525553827141,0.263237998816037,"TREX1",1,"BP",0.0555555555555556,0.0224940175485243
"BP","GO:0002833","positive regulation of response to biotic stimulus","1/18","425/18805",0.00235294117647059,2.45816993464052,0.941157932659086,0.337452085229233,0.354525553827141,0.263237998816037,"TREX1",1,"BP",0.0555555555555556,0.0226003722414252
"BP","GO:0009615","response to virus","1/18","425/18805",0.00235294117647059,2.45816993464052,0.941157932659086,0.337452085229233,0.354525553827141,0.263237998816037,"TREX1",1,"BP",0.0555555555555556,0.0226003722414252
"BP","GO:0022412","cellular process involved in reproduction in multicellular organism","1/18","429/18805",0.00233100233100233,2.43524993524994,0.93081494380815,0.340043886207058,0.356188403059619,0.264472677387342,"DND1",1,"BP",0.0555555555555556,0.0228130816272268
"BP","GO:0009314","response to radiation","1/18","442/18805",0.00226244343891403,2.36362493715435,0.897980505255026,0.34840126646213,0.362493656282827,0.269154377260844,"TREX1",1,"BP",0.0555555555555556,0.0235043871310822
"BP","GO:0050727","regulation of inflammatory response","1/18","442/18805",0.00226244343891403,2.36362493715435,0.897980505255026,0.34840126646213,0.362493656282827,0.269154377260844,"TREX1",1,"BP",0.0555555555555556,0.0235043871310822
"BP","GO:0007005","mitochondrion organization","1/18","445/18805",0.00224719101123596,2.34769038701623,0.890566703638541,0.350315646720557,0.362493656282827,0.269154377260844,"TOMM6",1,"BP",0.0555555555555556,0.0236639191704334
"BP","GO:0060537","muscle tissue development","1/18","446/18805",0.00224215246636771,2.34242650722471,0.888108636871916,0.350952592164948,0.362493656282827,0.269154377260844,"TREX1",1,"BP",0.0555555555555556,0.0237170965168838
"BP","GO:0006816","calcium ion transport","1/18","447/18805",0.00223713646532438,2.33718617946806,0.885657111507042,0.351588947812915,0.362493656282827,0.269154377260844,"GP1BB",1,"BP",0.0555555555555556,0.0237702738633342
"BP","GO:0032102","negative regulation of response to external stimulus","1/18","448/18805",0.00223214285714286,2.33196924603175,0.883212092658301,0.352224714178498,0.362493656282827,0.269154377260844,"TREX1",1,"BP",0.0555555555555556,0.0238234512097846
"BP","GO:0042060","wound healing","1/18","450/18805",0.00222222222222222,2.3216049382716,0.878341436295393,0.353494481116569,0.362742883238805,0.269339430226517,"GP1BB",1,"BP",0.0555555555555556,0.0239298059026855
"BP","GO:0030099","myeloid cell differentiation","1/18","455/18805",0.0021978021978022,2.2960927960928,0.866276268033836,0.356658621922027,0.36492896677819,0.270962614366391,"GP1BB",1,"BP",0.0555555555555556,0.0241956926349375
"BP","GO:0044772","mitotic cell cycle phase transition","1/18","457/18805",0.00218818380743982,2.28604424993922,0.861494089859393,0.357920178370342,0.365161338048355,0.271135151853408,"TREX1",1,"BP",0.0555555555555556,0.0243020473278383
"BP","GO:0042391","regulation of membrane potential","1/18","463/18805",0.00215982721382289,2.25641948644108,0.847294662410552,0.361690844040594,0.367944083645774,0.27320136224183,"NPFF",1,"BP",0.0555555555555556,0.0246211114065408
"BP","GO:0003012","muscle system process","1/18","467/18805",0.00214132762312634,2.23709255293838,0.837948455376677,0.364192992080308,0.367944083645774,0.27320136224183,"PGAM2",1,"BP",0.0555555555555556,0.0248338207923425
"BP","GO:0072594","establishment of protein localization to organelle","1/18","467/18805",0.00214132762312634,2.23709255293838,0.837948455376677,0.364192992080308,0.367944083645774,0.27320136224183,"TOMM6",1,"BP",0.0555555555555556,0.0248338207923425
"BP","GO:1901987","regulation of cell cycle phase transition","1/18","468/18805",0.00213675213675214,2.23231244064577,0.83562663245858,0.364817080102042,0.367944083645774,0.27320136224183,"TREX1",1,"BP",0.0555555555555556,0.0248869981387929
"BP","GO:0045088","regulation of innate immune response","1/18","482/18805",0.0020746887966805,2.1674734900876,0.803720252912618,0.373493790231587,0.37517206269207,0.278568193261742,"TREX1",1,"BP",0.0555555555555556,0.0256314809890986
"BP","GO:0002443","leukocyte mediated immunity","1/18","483/18805",0.0020703933747412,2.16298596733379,0.801482892085211,0.374109252316171,0.37517206269207,0.278568193261742,"TREX1",1,"BP",0.0555555555555556,0.0256846583355491
"BP","GO:0023061","signal release","1/18","497/18805",0.00201207243460765,2.10205678515538,0.770715993600118,0.382665987163789,0.382665987163789,0.284132490841758,"CPLX3",1,"BP",0.0555555555555556,0.0264291411858548
"CC","GO:0043679","axon terminus","2/20","115/19880",0.0173913043478261,17.2869565217391,5.55857014454489,0.00588809070974061,0.105899068276767,0.0723066184535533,"NPFF/CPLX3",2,"CC",0.1,0.00578470824949698
"CC","GO:0044306","neuron projection terminus","2/20","131/19880",0.0152671755725191,15.175572519084,5.16566625388716,0.0075754786370662,0.105899068276767,0.0723066184535533,"NPFF/CPLX3",2,"CC",0.1,0.00658953722334004
"CC","GO:0008250","oligosaccharyltransferase complex","1/20","14/19880",0.0714285714285714,71,8.31437263504271,0.0139973220223872,0.105899068276767,0.0723066184535533,"TREX1",1,"CC",0.05,0.000704225352112676
"CC","GO:0097470","ribbon synapse","1/20","14/19880",0.0714285714285714,71,8.31437263504271,0.0139973220223872,0.105899068276767,0.0723066184535533,"CPLX3",1,"CC",0.05,0.000704225352112676
"CC","GO:1990229","iron-sulfur cluster assembly complex","1/20","19/19880",0.0526315789473684,52.3157894736842,7.10149690531511,0.0189511036084226,0.105899068276767,0.0723066184535533,"BOLA2",1,"CC",0.05,0.000955734406438632
"CC","GO:0005742","mitochondrial outer membrane translocase complex","1/20","22/19880",0.0454545454545455,45.1818181818182,6.57975638127309,0.021912013774711,0.105899068276767,0.0723066184535533,"TOMM6",1,"CC",0.05,0.00110663983903421
"CC","GO:0090665","glycoprotein complex","1/20","23/19880",0.0434782608695652,43.2173913043478,6.42867005494663,0.0228970958436252,0.105899068276767,0.0723066184535533,"GP1BB",1,"CC",0.05,0.0011569416498994
"CC","GO:0098799","outer mitochondrial membrane protein complex","1/20","23/19880",0.0434782608695652,43.2173913043478,6.42867005494663,0.0228970958436252,0.105899068276767,0.0723066184535533,"TOMM6",1,"CC",0.05,0.0011569416498994
"CC","GO:0150034","distal axon","2/20","277/19880",0.0072202166064982,7.17689530685921,3.28527325123013,0.0311603787153302,0.120975999478481,0.0826009669269855,"NPFF/CPLX3",2,"CC",0.1,0.0139336016096579
"CC","GO:0048787","presynaptic active zone membrane","1/20","33/19880",0.0303030303030303,30.1212121212121,5.31302213781243,0.0326962160752651,0.120975999478481,0.0826009669269855,"CPLX3",1,"CC",0.05,0.00165995975855131
"CC","GO:0043596","nuclear replication fork","1/20","41/19880",0.024390243902439,24.2439024390244,4.727850401693,0.040468219217606,0.133716140059147,0.0912997826861889,"TREX1",1,"CC",0.05,0.00206237424547284
"CC","GO:0043195","terminal bouton","1/20","44/19880",0.0227272727272727,22.5909090909091,4.5498057983726,0.0433673967759397,0.133716140059147,0.0912997826861889,"CPLX3",1,"CC",0.05,0.00221327967806841
"CC","GO:0031201","SNARE complex","1/20","49/19880",0.0204081632653061,20.2857142857143,4.28927709981928,0.0481808750168363,0.137130182740226,0.0936308502351475,"CPLX3",1,"CC",0.05,0.00246478873239437
"CC","GO:0005657","replication fork","1/20","74/19880",0.0135135135135135,13.4324324324324,3.40013548529736,0.0719051241772434,0.177365972970534,0.121103367035357,"TREX1",1,"CC",0.05,0.00372233400402415
"CC","GO:0032040","small-subunit processome","1/20","74/19880",0.0135135135135135,13.4324324324324,3.40013548529736,0.0719051241772434,0.177365972970534,0.121103367035357,"UTP14C",1,"CC",0.05,0.00372233400402415
"CC","GO:0048786","presynaptic active zone","1/20","85/19880",0.0117647058823529,11.6941176470588,3.13544588708593,0.0821648500329628,0.182864100279676,0.124857422666066,"CPLX3",1,"CC",0.05,0.00427565392354125
"CC","GO:0005758","mitochondrial intermembrane space","1/20","87/19880",0.0114942528735632,11.4252873563218,3.09253405676945,0.0840186406690404,0.182864100279676,0.124857422666066,"CMC4",1,"CC",0.05,0.00437625754527163
"CC","GO:0031970","organelle envelope lumen","1/20","97/19880",0.0103092783505155,10.2474226804124,2.89723113057748,0.0932343630871985,0.191648413012575,0.130855246438173,"CMC4",1,"CC",0.05,0.00487927565392354
"CC","GO:0030684","preribosome","1/20","106/19880",0.00943396226415094,9.37735849056604,2.74432417167746,0.101453140909621,0.197566642823998,0.134896143037723,"UTP14C",1,"CC",0.05,0.00533199195171026
"CC","GO:0140534","endoplasmic reticulum protein-containing complex","1/20","118/19880",0.00847457627118644,8.42372881355932,2.56667155534807,0.112301476327735,0.20775773120631,0.141854496413981,"TREX1",1,"CC",0.05,0.00593561368209256
"CC","GO:0030672","synaptic vesicle membrane","1/20","143/19880",0.00699300699300699,6.95104895104895,2.266436801143,0.134503873823716,0.226211060521703,0.154454209175559,"CPLX3",1,"CC",0.05,0.00719315895372233
"CC","GO:0099501","exocytic vesicle membrane","1/20","143/19880",0.00699300699300699,6.95104895104895,2.266436801143,0.134503873823716,0.226211060521703,0.154454209175559,"CPLX3",1,"CC",0.05,0.00719315895372233
"CC","GO:0043204","perikaryon","1/20","152/19880",0.00657894736842105,6.53947368421053,2.17556172956398,0.142366804336814,0.229024859150528,0.156375437257828,"NPFF",1,"CC",0.05,0.00764587525150905
"CC","GO:0098798","mitochondrial protein-containing complex","1/20","178/19880",0.00561797752808989,5.58426966292135,1.94960954687548,0.164702524582902,0.247520923189058,0.169004328777735,"TOMM6",1,"CC",0.05,0.00895372233400402
"CC","GO:0042734","presynaptic membrane","1/20","181/19880",0.00552486187845304,5.49171270718232,1.92642369162746,0.167243867019634,0.247520923189058,0.169004328777735,"CPLX3",1,"CC",0.05,0.0091046277665996
"CC","GO:0008021","synaptic vesicle","1/20","226/19880",0.00442477876106195,4.39823008849558,1.63043754383028,0.204493609036156,0.258773666985358,0.176687567785166,"CPLX3",1,"CC",0.05,0.0113682092555332
"CC","GO:0005741","mitochondrial outer membrane","1/20","228/19880",0.0043859649122807,4.35964912280702,1.61912586671055,0.206111848282531,0.258773666985358,0.176687567785166,"TOMM6",1,"CC",0.05,0.0114688128772636
"CC","GO:0000228","nuclear chromosome","1/20","236/19880",0.00423728813559322,4.21186440677966,1.5751462515518,0.212553586607678,0.258773666985358,0.176687567785166,"TREX1",1,"CC",0.05,0.0118712273641851
"CC","GO:0032993","protein-DNA complex","1/20","240/19880",0.00416666666666667,4.14166666666667,1.55388053304432,0.215755804511924,0.258773666985358,0.176687567785166,"TREX1",1,"CC",0.05,0.0120724346076459
"CC","GO:0070382","exocytic vesicle","1/20","243/19880",0.00411522633744856,4.09053497942387,1.53823210967963,0.218149345347852,0.258773666985358,0.176687567785166,"CPLX3",1,"CC",0.05,0.0122233400402414
"CC","GO:0030658","transport vesicle membrane","1/20","254/19880",0.00393700787401575,3.91338582677165,1.48293326308277,0.226866422758593,0.258773666985358,0.176687567785166,"CPLX3",1,"CC",0.05,0.0127766599597586
"CC","GO:0031968","organelle outer membrane","1/20","257/19880",0.00389105058365759,3.86770428015564,1.46838813586226,0.229227735184788,0.258773666985358,0.176687567785166,"TOMM6",1,"CC",0.05,0.0129275653923541
"CC","GO:0019867","outer membrane","1/20","259/19880",0.00386100386100386,3.83783783783784,1.45881268409547,0.230798135419373,0.258773666985358,0.176687567785166,"TOMM6",1,"CC",0.05,0.0130281690140845
"CC","GO:0098802","plasma membrane signaling receptor complex","1/20","326/19880",0.00306748466257669,3.04907975460123,1.18378409230982,0.28168428061066,0.306538775958659,0.209301013456837,"GP1BB",1,"CC",0.05,0.0163983903420523
"CC","GO:0030133","transport vesicle","1/20","444/19880",0.00225225225225225,2.23873873873874,0.837703638653815,0.363621755362327,0.379088250624032,0.258836927879851,"CPLX3",1,"CC",0.05,0.0223340040241449
"CC","GO:0097060","synaptic membrane","1/20","452/19880",0.00221238938053097,2.19911504424779,0.818349204045052,0.368842622228788,0.379088250624032,0.258836927879851,"CPLX3",1,"CC",0.05,0.0227364185110664
"CC","GO:0005635","nuclear envelope","1/20","496/19880",0.00201612903225806,2.00403225806452,0.718603695957148,0.396837764259497,0.396837764259497,0.27095608370492,"TREX1",1,"CC",0.05,0.0249496981891348
"MF","GO:0016868","intramolecular phosphotransferase activity","1/17","10/18639",0.1,109.641176470588,10.3827080376043,0.00908550270011788,0.0708944469276119,0.0443090293297574,"PGAM2",1,"MF",0.0588235294117647,0.000536509469392135
"MF","GO:0032404","mismatch repair complex binding","1/17","11/18639",0.0909090909090909,99.6737967914438,9.89067702841803,0.00998976736564428,0.0708944469276119,0.0443090293297574,"TREX1",1,"MF",0.0588235294117647,0.000590160416331348
"MF","GO:0047372","monoacylglycerol lipase activity","1/17","15/18639",0.0666666666666667,73.0941176470588,8.43956246979385,0.0135990653513457,0.0708944469276119,0.0443090293297574,"ABHD16B",1,"MF",0.0588235294117647,0.000804764204088202
"MF","GO:0008296","3'-5'-DNA exonuclease activity","1/17","16/18639",0.0625,68.5257352941176,8.16423402046059,0.0144994528024321,0.0708944469276119,0.0443090293297574,"TREX1",1,"MF",0.0588235294117647,0.000858415151027416
"MF","GO:0008301","DNA binding, bending","1/17","19/18639",0.0526315789473684,57.7058823529412,7.47181358169501,0.017195976226016,0.0708944469276119,0.0443090293297574,"TREX1",1,"MF",0.0588235294117647,0.00101936799184506
"MF","GO:0005326","neurotransmitter transmembrane transporter activity","1/17","20/18639",0.05,54.8205882352941,7.27605905347251,0.0180932731327915,0.0708944469276119,0.0443090293297574,"CPLX3",1,"MF",0.0588235294117647,0.00107301893878427
"MF","GO:0050699","WW domain binding","1/17","24/18639",0.0416666666666667,45.6838235294118,6.61813134145042,0.0216747561634991,0.0708944469276119,0.0443090293297574,"TREX1",1,"MF",0.0588235294117647,0.00128762272654112
"MF","GO:0016895","DNA exonuclease activity, producing 5'-phosphomonoesters","1/17","25/18639",0.04,43.8564705882353,6.47854537657424,0.0225682038747655,0.0708944469276119,0.0443090293297574,"TREX1",1,"MF",0.0588235294117647,0.00134127367348034
"MF","GO:0004529","DNA exonuclease activity","1/17","26/18639",0.0384615384615385,42.1696832579185,6.3469775808454,0.0234608836069093,0.0708944469276119,0.0443090293297574,"TREX1",1,"MF",0.0588235294117647,0.00139492462041955
"MF","GO:0016866","intramolecular transferase activity","1/17","28/18639",0.0357142857142857,39.1575630252101,6.10500107232898,0.0252439416089874,0.0708944469276119,0.0443090293297574,"PGAM2",1,"MF",0.0588235294117647,0.00150222651429798
"MF","GO:0051537","2 iron, 2 sulfur cluster binding","1/17","28/18639",0.0357142857142857,39.1575630252101,6.10500107232898,0.0252439416089874,0.0708944469276119,0.0443090293297574,"BOLA2",1,"MF",0.0588235294117647,0.00150222651429798
"MF","GO:0005184","neuropeptide hormone activity","1/17","31/18639",0.032258064516129,35.3681214421252,5.78625735397098,0.0279127842262,0.0708944469276119,0.0443090293297574,"NPFF",1,"MF",0.0588235294117647,0.00166317935511562
"MF","GO:0160041","neuropeptide activity","1/17","32/18639",0.03125,34.2628676470588,5.68993691467319,0.0288008690643423,0.0708944469276119,0.0443090293297574,"NPFF",1,"MF",0.0588235294117647,0.00171683030205483
"MF","GO:0008408","3'-5' exonuclease activity","1/17","58/18639",0.0172413793103448,18.9036511156187,4.12602651570492,0.0516248240893281,0.106954754544523,0.0668467215903271,"TREX1",1,"MF",0.0588235294117647,0.00311175492247438
"MF","GO:0016796","exonuclease activity, active with either ribo- or deoxyribonucleic acids and producing 5'-phosphomonoesters","1/17","60/18639",0.0166666666666667,18.2735294117647,4.04908128103672,0.0533594386063116,0.106954754544523,0.0668467215903271,"TREX1",1,"MF",0.0588235294117647,0.00321905681635281
"MF","GO:0019905","syntaxin binding","1/17","61/18639",0.0163934426229508,17.9739633558341,4.01198824363009,0.0542256256747055,0.106954754544523,0.0668467215903271,"CPLX3",1,"MF",0.0588235294117647,0.00327270776329202
"MF","GO:0004536","DNA nuclease activity","1/17","64/18639",0.015625,17.1314338235294,3.90579549235313,0.056819713351778,0.106954754544523,0.0668467215903271,"TREX1",1,"MF",0.0588235294117647,0.00343366060410966
"MF","GO:0051536","iron-sulfur cluster binding","1/17","76/18639",0.0131578947368421,14.4264705882353,3.54368844006952,0.0671292494503258,0.114498648782904,0.0715616554893147,"BOLA2",1,"MF",0.0588235294117647,0.00407747196738022
"MF","GO:0051540","metal cluster binding","1/17","77/18639",0.012987012987013,14.2391138273491,3.51724683746753,0.067983572714849,0.114498648782904,0.0715616554893147,"BOLA2",1,"MF",0.0588235294117647,0.00413112291431944
"MF","GO:0004527","exonuclease activity","1/17","84/18639",0.0119047619047619,13.0525210084034,3.34501457232768,0.0739432494879149,0.118309199180664,0.0739432494879149,"TREX1",1,"MF",0.0588235294117647,0.00450667954289393
"MF","GO:0000149","SNARE binding","1/17","106/18639",0.00943396226415094,10.3435072142064,2.91474756557938,0.0924410146259544,0.138089197668015,0.0863057485425092,"CPLX3",1,"MF",0.0588235294117647,0.00568700037555663
"MF","GO:0004620","phospholipase activity","1/17","109/18639",0.00917431192660551,10.0588235294118,2.86588191578963,0.0949363233967602,0.138089197668015,0.0863057485425092,"ABHD16B",1,"MF",0.0588235294117647,0.00584795321637427
"MF","GO:0003697","single-stranded DNA binding","1/17","121/18639",0.00826446280991736,9.06125425376762,2.68787592648604,0.104853132501833,0.145732633387835,0.0910828958673967,"TREX1",1,"MF",0.0588235294117647,0.00649176457964483
"MF","GO:0016298","lipase activity","1/17","130/18639",0.00769230769230769,8.43393665158371,2.56986321298357,0.112223528908449,0.145732633387835,0.0910828958673967,"ABHD16B",1,"MF",0.0588235294117647,0.00697462310209775
"MF","GO:0005179","hormone activity","1/17","132/18639",0.00757575757575758,8.30614973262032,2.54517984105394,0.113853619834246,0.145732633387835,0.0910828958673967,"NPFF",1,"MF",0.0588235294117647,0.00708192499597618
"MF","GO:0043021","ribonucleoprotein complex binding","1/17","177/18639",0.00564971751412429,6.19441674975075,2.0979493712551,0.149794416940955,0.180315278408639,0.1126970490054,"ZNF593",1,"MF",0.0588235294117647,0.00949621760824079
"MF","GO:0016853","isomerase activity","1/17","180/18639",0.00555555555555556,6.09117647058824,2.07377326710982,0.152141016157289,0.180315278408639,0.1126970490054,"PGAM2",1,"MF",0.0588235294117647,0.00965717044905843
"MF","GO:0004518","nuclease activity","1/17","209/18639",0.00478468899521531,5.24598930481283,1.86509228047605,0.174512691812846,0.199443076357538,0.124651922723462,"TREX1",1,"MF",0.0588235294117647,0.0112130479102956
"MF","GO:0000287","magnesium ion binding","1/17","230/18639",0.00434782608695652,4.76700767263427,1.7368258613932,0.190364756205233,0.210057662019568,0.13128603876223,"TREX1",1,"MF",0.0588235294117647,0.0123397177960191
"MF","GO:0003730","mRNA 3'-UTR binding","1/17","262/18639",0.00381679389312977,4.18477772788505,1.56856824501632,0.21397037604068,0.228235067776726,0.142646917360454,"DND1",1,"MF",0.0588235294117647,0.0140565480980739
"MF","GO:0001664","G protein-coupled receptor binding","1/17","297/18639",0.00336700336700337,3.69162210338681,1.41279750533265,0.239046652855551,0.246757835205731,0.154223647003582,"NPFF",1,"MF",0.0588235294117647,0.0159343312409464
"MF","GO:0140097","catalytic activity, acting on DNA","1/17","336/18639",0.00297619047619048,3.26313025210084,1.26482080916631,0.266101151483813,0.266101151483813,0.166313219677383,"TREX1",1,"MF",0.0588235294117647,0.0180267181715757
