"GSEA_ID","Description","background","background_label","Gene","log2FC","rank","background_pvalue","background_p.adjust","是否为core gene","core_enrichment","setSize","enrichmentScore","NES","GSEA_pvalue","GSEA_p.adjust","qvalue","leading_edge","matched_genes"
"BB3_down","BB3_down","CRPCvsHSPCplus","CRPC vs HSPC+","AR",0.714870619010262,23,0.000257306692447303,0.0681415245085446,"Yes",TRUE,268,0.432346399390738,1.56669010562183,0.0259006357428773,0.0259006357428773,NA,"tags=36%, list=22%, signal=29%",268
"BB3_down","BB3_down","CRPCvsHSPCplus","CRPC vs HSPC+","FASN",0.478802937816553,37,0.00837464856452593,0.682203012047495,"Yes",TRUE,268,0.432346399390738,1.56669010562183,0.0259006357428773,0.0259006357428773,NA,"tags=36%, list=22%, signal=29%",268
"BB3_down","BB3_down","CRPCvsHSPCplus","CRPC vs HSPC+","FKBP5",0.43270960939309,49,0.00205328175164433,0.32068049100681,"Yes",TRUE,268,0.432346399390738,1.56669010562183,0.0259006357428773,0.0259006357428773,NA,"tags=36%, list=22%, signal=29%",268
"BB3_down","BB3_down","CRPCvsHSPCplus","CRPC vs HSPC+","AKAP12",0.30577422304128,110,0.0342936450434452,0.971546939347093,"Yes",TRUE,268,0.432346399390738,1.56669010562183,0.0259006357428773,0.0259006357428773,NA,"tags=36%, list=22%, signal=29%",268
"BB3_down","BB3_down","CRPCvsHSPCplus","CRPC vs HSPC+","MAOA",0.287814016861241,128,0.0963025360149652,0.97196958734216,"Yes",TRUE,268,0.432346399390738,1.56669010562183,0.0259006357428773,0.0259006357428773,NA,"tags=36%, list=22%, signal=29%",268
"BB3_down","BB3_down","CRPCvsHSPCplus","CRPC vs HSPC+","ACSL3",0.273472830043128,145,0.0560521213412219,0.97196958734216,"Yes",TRUE,268,0.432346399390738,1.56669010562183,0.0259006357428773,0.0259006357428773,NA,"tags=36%, list=22%, signal=29%",268
"BB3_down","BB3_down","CRPCvsHSPCplus","CRPC vs HSPC+","KCNH2",0.264612862385968,152,0.0331653532411572,0.97138876680809,"Yes",TRUE,268,0.432346399390738,1.56669010562183,0.0259006357428773,0.0259006357428773,NA,"tags=36%, list=22%, signal=29%",268
"BB3_down","BB3_down","CRPCvsHSPCplus","CRPC vs HSPC+","ZBTB16",0.222148381183745,242,0.121805071760486,0.97196958734216,"Yes",TRUE,268,0.432346399390738,1.56669010562183,0.0259006357428773,0.0259006357428773,NA,"tags=36%, list=22%, signal=29%",268
"BB3_down","BB3_down","CRPCvsHSPCplus","CRPC vs HSPC+","ALDH1B1",0.217531053088476,251,0.00768883374086012,0.656532985732416,"Yes",TRUE,268,0.432346399390738,1.56669010562183,0.0259006357428773,0.0259006357428773,NA,"tags=36%, list=22%, signal=29%",268
"BB3_down","BB3_down","CRPCvsHSPCplus","CRPC vs HSPC+","PLXNB3",0.216137257622854,255,0.0585267200785971,0.97196958734216,"Yes",TRUE,268,0.432346399390738,1.56669010562183,0.0259006357428773,0.0259006357428773,NA,"tags=36%, list=22%, signal=29%",268
"BB3_down","BB3_down","CRPCvsHSPCplus","CRPC vs HSPC+","DDX21",0.206028418133864,284,0.0352390560118382,0.97196958734216,"Yes",TRUE,268,0.432346399390738,1.56669010562183,0.0259006357428773,0.0259006357428773,NA,"tags=36%, list=22%, signal=29%",268
"BB3_down","BB3_down","CRPCvsHSPCplus","CRPC vs HSPC+","NFIC",0.199444215936417,311,0.0242151351003082,0.897531772186473,"Yes",TRUE,268,0.432346399390738,1.56669010562183,0.0259006357428773,0.0259006357428773,NA,"tags=36%, list=22%, signal=29%",268
"BB3_down","BB3_down","CRPCvsHSPCplus","CRPC vs HSPC+","KIAA1549",0.182737071300252,381,0.0507288434808674,0.97196958734216,"Yes",TRUE,268,0.432346399390738,1.56669010562183,0.0259006357428773,0.0259006357428773,NA,"tags=36%, list=22%, signal=29%",268
"BB3_down","BB3_down","CRPCvsHSPCplus","CRPC vs HSPC+","NEK6",0.178851956320622,406,0.054298403447261,0.97196958734216,"Yes",TRUE,268,0.432346399390738,1.56669010562183,0.0259006357428773,0.0259006357428773,NA,"tags=36%, list=22%, signal=29%",268
"BB3_down","BB3_down","CRPCvsHSPCplus","CRPC vs HSPC+","GTF2I",0.176210426867563,417,0.0418174656321087,0.97196958734216,"Yes",TRUE,268,0.432346399390738,1.56669010562183,0.0259006357428773,0.0259006357428773,NA,"tags=36%, list=22%, signal=29%",268
"BB3_down","BB3_down","CRPCvsHSPCplus","CRPC vs HSPC+","EDA",0.169399615203533,461,0.115888464529849,0.97196958734216,"Yes",TRUE,268,0.432346399390738,1.56669010562183,0.0259006357428773,0.0259006357428773,NA,"tags=36%, list=22%, signal=29%",268
"BB3_down","BB3_down","CRPCvsHSPCplus","CRPC vs HSPC+","PRKAR2A",0.166657441023282,481,0.0154935717854332,0.790821333059276,"Yes",TRUE,268,0.432346399390738,1.56669010562183,0.0259006357428773,0.0259006357428773,NA,"tags=36%, list=22%, signal=29%",268
"BB3_down","BB3_down","CRPCvsHSPCplus","CRPC vs HSPC+","HLTF",0.148437778605684,644,0.183585541663049,0.97196958734216,"Yes",TRUE,268,0.432346399390738,1.56669010562183,0.0259006357428773,0.0259006357428773,NA,"tags=36%, list=22%, signal=29%",268
"BB3_down","BB3_down","CRPCvsHSPCplus","CRPC vs HSPC+","FKBP4",0.147283783253651,661,0.0958303537716566,0.97196958734216,"Yes",TRUE,268,0.432346399390738,1.56669010562183,0.0259006357428773,0.0259006357428773,NA,"tags=36%, list=22%, signal=29%",268
"BB3_down","BB3_down","CRPCvsHSPCplus","CRPC vs HSPC+","MLEC",0.146281425863172,668,0.0760032837523896,0.97196958734216,"Yes",TRUE,268,0.432346399390738,1.56669010562183,0.0259006357428773,0.0259006357428773,NA,"tags=36%, list=22%, signal=29%",268
"BB3_down","BB3_down","CRPCvsHSPCplus","CRPC vs HSPC+","RMND5A",0.145481801434896,676,0.0286100327029188,0.93155312358673,"Yes",TRUE,268,0.432346399390738,1.56669010562183,0.0259006357428773,0.0259006357428773,NA,"tags=36%, list=22%, signal=29%",268
"BB3_down","BB3_down","CRPCvsHSPCplus","CRPC vs HSPC+","PTPRF",0.141930179739834,718,0.167483857315117,0.97196958734216,"Yes",TRUE,268,0.432346399390738,1.56669010562183,0.0259006357428773,0.0259006357428773,NA,"tags=36%, list=22%, signal=29%",268
"BB3_down","BB3_down","CRPCvsHSPCplus","CRPC vs HSPC+","CADPS2",0.140022816138841,751,0.156548925511439,0.97196958734216,"Yes",TRUE,268,0.432346399390738,1.56669010562183,0.0259006357428773,0.0259006357428773,NA,"tags=36%, list=22%, signal=29%",268
"BB3_down","BB3_down","CRPCvsHSPCplus","CRPC vs HSPC+","SLC25A23",0.133139845871656,858,0.0964581810412776,0.97196958734216,"Yes",TRUE,268,0.432346399390738,1.56669010562183,0.0259006357428773,0.0259006357428773,NA,"tags=36%, list=22%, signal=29%",268
"BB3_down","BB3_down","CRPCvsHSPCplus","CRPC vs HSPC+","RAB10",0.132791991529578,863,0.0540790263689352,0.97196958734216,"Yes",TRUE,268,0.432346399390738,1.56669010562183,0.0259006357428773,0.0259006357428773,NA,"tags=36%, list=22%, signal=29%",268
"BB3_down","BB3_down","CRPCvsHSPCplus","CRPC vs HSPC+","FEM1A",0.126112366407027,983,0.00230447836021259,0.334204230763212,"Yes",TRUE,268,0.432346399390738,1.56669010562183,0.0259006357428773,0.0259006357428773,NA,"tags=36%, list=22%, signal=29%",268
"BB3_down","BB3_down","CRPCvsHSPCplus","CRPC vs HSPC+","ME2",0.122183460266366,1052,0.0319025616175092,0.966082188151801,"Yes",TRUE,268,0.432346399390738,1.56669010562183,0.0259006357428773,0.0259006357428773,NA,"tags=36%, list=22%, signal=29%",268
"BB3_down","BB3_down","CRPCvsHSPCplus","CRPC vs HSPC+","LRP5",0.122069766565909,1054,0.17326717261881,0.97196958734216,"Yes",TRUE,268,0.432346399390738,1.56669010562183,0.0259006357428773,0.0259006357428773,NA,"tags=36%, list=22%, signal=29%",268
"BB3_down","BB3_down","CRPCvsHSPCplus","CRPC vs HSPC+","SPG11",0.11988550608238,1098,0.138226688548079,0.97196958734216,"Yes",TRUE,268,0.432346399390738,1.56669010562183,0.0259006357428773,0.0259006357428773,NA,"tags=36%, list=22%, signal=29%",268
"BB3_down","BB3_down","CRPCvsHSPCplus","CRPC vs HSPC+","WDR43",0.119663501536403,1106,0.0471800316573731,0.97196958734216,"Yes",TRUE,268,0.432346399390738,1.56669010562183,0.0259006357428773,0.0259006357428773,NA,"tags=36%, list=22%, signal=29%",268
"BB3_down","BB3_down","CRPCvsHSPCplus","CRPC vs HSPC+","LDLR",0.118387491052865,1142,0.35472078980858,0.97196958734216,"Yes",TRUE,268,0.432346399390738,1.56669010562183,0.0259006357428773,0.0259006357428773,NA,"tags=36%, list=22%, signal=29%",268
"BB3_down","BB3_down","CRPCvsHSPCplus","CRPC vs HSPC+","KMT2E",0.118275453869345,1144,0.143173093778387,0.97196958734216,"Yes",TRUE,268,0.432346399390738,1.56669010562183,0.0259006357428773,0.0259006357428773,NA,"tags=36%, list=22%, signal=29%",268
"BB3_down","BB3_down","CRPCvsHSPCplus","CRPC vs HSPC+","ZNF770",0.115988533700345,1202,0.300635428737774,0.97196958734216,"Yes",TRUE,268,0.432346399390738,1.56669010562183,0.0259006357428773,0.0259006357428773,NA,"tags=36%, list=22%, signal=29%",268
"BB3_down","BB3_down","CRPCvsHSPCplus","CRPC vs HSPC+","EARS2",0.109956897249388,1349,0.0817850326531146,0.97196958734216,"Yes",TRUE,268,0.432346399390738,1.56669010562183,0.0259006357428773,0.0259006357428773,NA,"tags=36%, list=22%, signal=29%",268
"BB3_down","BB3_down","CRPCvsHSPCplus","CRPC vs HSPC+","PPP2R2C",0.109241441183779,1366,0.39787280771374,0.97196958734216,"Yes",TRUE,268,0.432346399390738,1.56669010562183,0.0259006357428773,0.0259006357428773,NA,"tags=36%, list=22%, signal=29%",268
"BB3_down","BB3_down","CRPCvsHSPCplus","CRPC vs HSPC+","FLII",0.108920253228314,1379,0.0904579975799979,0.97196958734216,"Yes",TRUE,268,0.432346399390738,1.56669010562183,0.0259006357428773,0.0259006357428773,NA,"tags=36%, list=22%, signal=29%",268
"BB3_down","BB3_down","CRPCvsHSPCplus","CRPC vs HSPC+","DIAPH2",0.107050579873237,1426,0.156315548670491,0.97196958734216,"Yes",TRUE,268,0.432346399390738,1.56669010562183,0.0259006357428773,0.0259006357428773,NA,"tags=36%, list=22%, signal=29%",268
"BB3_down","BB3_down","CRPCvsHSPCplus","CRPC vs HSPC+","ZKSCAN1",0.1066461473784,1436,0.200706118118147,0.97196958734216,"Yes",TRUE,268,0.432346399390738,1.56669010562183,0.0259006357428773,0.0259006357428773,NA,"tags=36%, list=22%, signal=29%",268
"BB3_down","BB3_down","CRPCvsHSPCplus","CRPC vs HSPC+","DGAT2",0.101086970008506,1593,0.332083511126905,0.97196958734216,"Yes",TRUE,268,0.432346399390738,1.56669010562183,0.0259006357428773,0.0259006357428773,NA,"tags=36%, list=22%, signal=29%",268
"BB3_down","BB3_down","CRPCvsHSPCplus","CRPC vs HSPC+","C2CD2",0.0990603462531015,1661,0.152097451352911,0.97196958734216,"Yes",TRUE,268,0.432346399390738,1.56669010562183,0.0259006357428773,0.0259006357428773,NA,"tags=36%, list=22%, signal=29%",268
"BB3_down","BB3_down","CRPCvsHSPCplus","CRPC vs HSPC+","EEF2",0.0989516841962281,1666,0.271930418497766,0.97196958734216,"Yes",TRUE,268,0.432346399390738,1.56669010562183,0.0259006357428773,0.0259006357428773,NA,"tags=36%, list=22%, signal=29%",268
"BB3_down","BB3_down","CRPCvsHSPCplus","CRPC vs HSPC+","FASTKD2",0.0977116115478438,1705,0.300184629353774,0.97196958734216,"Yes",TRUE,268,0.432346399390738,1.56669010562183,0.0259006357428773,0.0259006357428773,NA,"tags=36%, list=22%, signal=29%",268
"BB3_down","BB3_down","CRPCvsHSPCplus","CRPC vs HSPC+","GEMIN5",0.0974462350951848,1713,0.0764240271919158,0.97196958734216,"Yes",TRUE,268,0.432346399390738,1.56669010562183,0.0259006357428773,0.0259006357428773,NA,"tags=36%, list=22%, signal=29%",268
"BB3_down","BB3_down","CRPCvsHSPCplus","CRPC vs HSPC+","PRIMA1",0.0953344115491284,1809,0.369937861003491,0.97196958734216,"Yes",TRUE,268,0.432346399390738,1.56669010562183,0.0259006357428773,0.0259006357428773,NA,"tags=36%, list=22%, signal=29%",268
"BB3_down","BB3_down","CRPCvsHSPCplus","CRPC vs HSPC+","SAPCD2",0.095207252441047,1815,0.351376864996637,0.97196958734216,"Yes",TRUE,268,0.432346399390738,1.56669010562183,0.0259006357428773,0.0259006357428773,NA,"tags=36%, list=22%, signal=29%",268
"BB3_down","BB3_down","CRPCvsHSPCplus","CRPC vs HSPC+","ASAP2",0.0951974587988982,1816,0.285802448795713,0.97196958734216,"Yes",TRUE,268,0.432346399390738,1.56669010562183,0.0259006357428773,0.0259006357428773,NA,"tags=36%, list=22%, signal=29%",268
"BB3_down","BB3_down","CRPCvsHSPCplus","CRPC vs HSPC+","RIOX2",0.0929033519241962,1895,0.152279034622547,0.97196958734216,"Yes",TRUE,268,0.432346399390738,1.56669010562183,0.0259006357428773,0.0259006357428773,NA,"tags=36%, list=22%, signal=29%",268
"BB3_down","BB3_down","CRPCvsHSPCplus","CRPC vs HSPC+","DDX3X",0.0928092790381685,1901,0.151546319152463,0.97196958734216,"Yes",TRUE,268,0.432346399390738,1.56669010562183,0.0259006357428773,0.0259006357428773,NA,"tags=36%, list=22%, signal=29%",268
"BB3_down","BB3_down","CRPCvsHSPCplus","CRPC vs HSPC+","PLXNB2",0.0924949762046001,1917,0.260639990116314,0.97196958734216,"Yes",TRUE,268,0.432346399390738,1.56669010562183,0.0259006357428773,0.0259006357428773,NA,"tags=36%, list=22%, signal=29%",268
"BB3_down","BB3_down","CRPCvsHSPCplus","CRPC vs HSPC+","SOWAHC",0.0918933483757263,1940,0.177684283406567,0.97196958734216,"Yes",TRUE,268,0.432346399390738,1.56669010562183,0.0259006357428773,0.0259006357428773,NA,"tags=36%, list=22%, signal=29%",268
"BB3_down","BB3_down","CRPCvsHSPCplus","CRPC vs HSPC+","WIZ",0.0918550214991232,1943,0.170602351276269,0.97196958734216,"Yes",TRUE,268,0.432346399390738,1.56669010562183,0.0259006357428773,0.0259006357428773,NA,"tags=36%, list=22%, signal=29%",268
"BB3_down","BB3_down","CRPCvsHSPCplus","CRPC vs HSPC+","TRRAP",0.0917702599058514,1947,0.25110969348129,0.97196958734216,"Yes",TRUE,268,0.432346399390738,1.56669010562183,0.0259006357428773,0.0259006357428773,NA,"tags=36%, list=22%, signal=29%",268
"BB3_down","BB3_down","CRPCvsHSPCplus","CRPC vs HSPC+","RTF1",0.0916908593675481,1952,0.0871004746204469,0.97196958734216,"Yes",TRUE,268,0.432346399390738,1.56669010562183,0.0259006357428773,0.0259006357428773,NA,"tags=36%, list=22%, signal=29%",268
"BB3_down","BB3_down","CRPCvsHSPCplus","CRPC vs HSPC+","RREB1",0.0895821098403968,2041,0.190773560645716,0.97196958734216,"Yes",TRUE,268,0.432346399390738,1.56669010562183,0.0259006357428773,0.0259006357428773,NA,"tags=36%, list=22%, signal=29%",268
"BB3_down","BB3_down","CRPCvsHSPCplus","CRPC vs HSPC+","DDX18",0.0890997284656185,2060,0.15157041052516,0.97196958734216,"Yes",TRUE,268,0.432346399390738,1.56669010562183,0.0259006357428773,0.0259006357428773,NA,"tags=36%, list=22%, signal=29%",268
"BB3_down","BB3_down","CRPCvsHSPCplus","CRPC vs HSPC+","AMER1",0.0880925527530751,2093,0.183249378646875,0.97196958734216,"Yes",TRUE,268,0.432346399390738,1.56669010562183,0.0259006357428773,0.0259006357428773,NA,"tags=36%, list=22%, signal=29%",268
"BB3_down","BB3_down","CRPCvsHSPCplus","CRPC vs HSPC+","RPRD1A",0.0859611298534877,2184,0.245011179531945,0.97196958734216,"Yes",TRUE,268,0.432346399390738,1.56669010562183,0.0259006357428773,0.0259006357428773,NA,"tags=36%, list=22%, signal=29%",268
"BB3_down","BB3_down","CRPCvsHSPCplus","CRPC vs HSPC+","RBAK",0.0839931706344879,2278,0.128832778702663,0.97196958734216,"Yes",TRUE,268,0.432346399390738,1.56669010562183,0.0259006357428773,0.0259006357428773,NA,"tags=36%, list=22%, signal=29%",268
"BB3_down","BB3_down","CRPCvsHSPCplus","CRPC vs HSPC+","ANXA6",0.0836618963622948,2288,0.463417553631498,0.97196958734216,"Yes",TRUE,268,0.432346399390738,1.56669010562183,0.0259006357428773,0.0259006357428773,NA,"tags=36%, list=22%, signal=29%",268
"BB3_down","BB3_down","CRPCvsHSPCplus","CRPC vs HSPC+","LMBRD2",0.0831739612961635,2315,0.270930825284839,0.97196958734216,"Yes",TRUE,268,0.432346399390738,1.56669010562183,0.0259006357428773,0.0259006357428773,NA,"tags=36%, list=22%, signal=29%",268
"BB3_down","BB3_down","CRPCvsHSPCplus","CRPC vs HSPC+","GPR27",0.0823083862296379,2362,0.417130711770264,0.97196958734216,"Yes",TRUE,268,0.432346399390738,1.56669010562183,0.0259006357428773,0.0259006357428773,NA,"tags=36%, list=22%, signal=29%",268
"BB3_down","BB3_down","CRPCvsHSPCplus","CRPC vs HSPC+","PIGN",0.0819053808597692,2380,0.199361199832617,0.97196958734216,"Yes",TRUE,268,0.432346399390738,1.56669010562183,0.0259006357428773,0.0259006357428773,NA,"tags=36%, list=22%, signal=29%",268
"BB3_down","BB3_down","CRPCvsHSPCplus","CRPC vs HSPC+","IBTK",0.0812603467801147,2404,0.256925595133078,0.97196958734216,"Yes",TRUE,268,0.432346399390738,1.56669010562183,0.0259006357428773,0.0259006357428773,NA,"tags=36%, list=22%, signal=29%",268
"BB3_down","BB3_down","CRPCvsHSPCplus","CRPC vs HSPC+","POLR3E",0.0812397578394508,2406,0.152369275198328,0.97196958734216,"Yes",TRUE,268,0.432346399390738,1.56669010562183,0.0259006357428773,0.0259006357428773,NA,"tags=36%, list=22%, signal=29%",268
"BB3_down","BB3_down","CRPCvsHSPCplus","CRPC vs HSPC+","PRKDC",0.0802028953630751,2460,0.436966666161613,0.97196958734216,"Yes",TRUE,268,0.432346399390738,1.56669010562183,0.0259006357428773,0.0259006357428773,NA,"tags=36%, list=22%, signal=29%",268
"BB3_down","BB3_down","CRPCvsHSPCplus","CRPC vs HSPC+","MORC4",0.0787471428128268,2526,0.295978436070523,0.97196958734216,"Yes",TRUE,268,0.432346399390738,1.56669010562183,0.0259006357428773,0.0259006357428773,NA,"tags=36%, list=22%, signal=29%",268
"BB3_down","BB3_down","CRPCvsHSPCplus","CRPC vs HSPC+","TSPYL4",0.0785746129361442,2535,0.384655563726848,0.97196958734216,"Yes",TRUE,268,0.432346399390738,1.56669010562183,0.0259006357428773,0.0259006357428773,NA,"tags=36%, list=22%, signal=29%",268
"BB3_down","BB3_down","CRPCvsHSPCplus","CRPC vs HSPC+","MPRIP",0.0747583372450746,2735,0.24416052333617,0.97196958734216,"Yes",TRUE,268,0.432346399390738,1.56669010562183,0.0259006357428773,0.0259006357428773,NA,"tags=36%, list=22%, signal=29%",268
"BB3_down","BB3_down","CRPCvsHSPCplus","CRPC vs HSPC+","ATG9A",0.0743801601955849,2757,0.378784827789088,0.97196958734216,"Yes",TRUE,268,0.432346399390738,1.56669010562183,0.0259006357428773,0.0259006357428773,NA,"tags=36%, list=22%, signal=29%",268
"BB3_down","BB3_down","CRPCvsHSPCplus","CRPC vs HSPC+","FAM169A",0.0742465428348318,2765,0.242332556123088,0.97196958734216,"Yes",TRUE,268,0.432346399390738,1.56669010562183,0.0259006357428773,0.0259006357428773,NA,"tags=36%, list=22%, signal=29%",268
"BB3_down","BB3_down","CRPCvsHSPCplus","CRPC vs HSPC+","NOP9",0.0737400824068271,2793,0.245188744021925,0.97196958734216,"Yes",TRUE,268,0.432346399390738,1.56669010562183,0.0259006357428773,0.0259006357428773,NA,"tags=36%, list=22%, signal=29%",268
"BB3_down","BB3_down","CRPCvsHSPCplus","CRPC vs HSPC+","NOS1AP",0.0724602608714536,2865,0.202603529011624,0.97196958734216,"Yes",TRUE,268,0.432346399390738,1.56669010562183,0.0259006357428773,0.0259006357428773,NA,"tags=36%, list=22%, signal=29%",268
"BB3_down","BB3_down","CRPCvsHSPCplus","CRPC vs HSPC+","WDR35",0.0718299366334354,2896,0.221511714351744,0.97196958734216,"Yes",TRUE,268,0.432346399390738,1.56669010562183,0.0259006357428773,0.0259006357428773,NA,"tags=36%, list=22%, signal=29%",268
"BB3_down","BB3_down","CRPCvsHSPCplus","CRPC vs HSPC+","KTN1",0.0718280007095577,2897,0.251601897343394,0.97196958734216,"Yes",TRUE,268,0.432346399390738,1.56669010562183,0.0259006357428773,0.0259006357428773,NA,"tags=36%, list=22%, signal=29%",268
"BB3_down","BB3_down","CRPCvsHSPCplus","CRPC vs HSPC+","IPO5",0.0715255130893828,2912,0.26558295437123,0.97196958734216,"Yes",TRUE,268,0.432346399390738,1.56669010562183,0.0259006357428773,0.0259006357428773,NA,"tags=36%, list=22%, signal=29%",268
"BB3_down","BB3_down","CRPCvsHSPCplus","CRPC vs HSPC+","NCAPD3",0.0708001897315693,2943,0.723084378661721,0.987814026003266,"Yes",TRUE,268,0.432346399390738,1.56669010562183,0.0259006357428773,0.0259006357428773,NA,"tags=36%, list=22%, signal=29%",268
"BB3_down","BB3_down","CRPCvsHSPCplus","CRPC vs HSPC+","MYO1C",0.0704380490172722,2960,0.375296715069938,0.97196958734216,"Yes",TRUE,268,0.432346399390738,1.56669010562183,0.0259006357428773,0.0259006357428773,NA,"tags=36%, list=22%, signal=29%",268
"BB3_down","BB3_down","CRPCvsHSPCplus","CRPC vs HSPC+","NAA15",0.0690228214567248,3039,0.248046834089632,0.97196958734216,"Yes",TRUE,268,0.432346399390738,1.56669010562183,0.0259006357428773,0.0259006357428773,NA,"tags=36%, list=22%, signal=29%",268
"BB3_down","BB3_down","CRPCvsHSPCplus","CRPC vs HSPC+","WASF2",0.0675222914544653,3118,0.338931774730166,0.97196958734216,"Yes",TRUE,268,0.432346399390738,1.56669010562183,0.0259006357428773,0.0259006357428773,NA,"tags=36%, list=22%, signal=29%",268
"BB3_down","BB3_down","CRPCvsHSPCplus","CRPC vs HSPC+","CSDE1",0.0672267495497962,3137,0.22988949011908,0.97196958734216,"Yes",TRUE,268,0.432346399390738,1.56669010562183,0.0259006357428773,0.0259006357428773,NA,"tags=36%, list=22%, signal=29%",268
"BB3_down","BB3_down","CRPCvsHSPCplus","CRPC vs HSPC+","ARHGEF17",0.0652015176068863,3284,0.482550881864386,0.97196958734216,"Yes",TRUE,268,0.432346399390738,1.56669010562183,0.0259006357428773,0.0259006357428773,NA,"tags=36%, list=22%, signal=29%",268
"BB3_down","BB3_down","CRPCvsHSPCplus","CRPC vs HSPC+","ZNF561",0.0637636555995398,3367,0.236372522112232,0.97196958734216,"Yes",TRUE,268,0.432346399390738,1.56669010562183,0.0259006357428773,0.0259006357428773,NA,"tags=36%, list=22%, signal=29%",268
"BB3_down","BB3_down","CRPCvsHSPCplus","CRPC vs HSPC+","PSMD2",0.0629990848698636,3414,0.332067814842373,0.97196958734216,"Yes",TRUE,268,0.432346399390738,1.56669010562183,0.0259006357428773,0.0259006357428773,NA,"tags=36%, list=22%, signal=29%",268
"BB3_down","BB3_down","CRPCvsHSPCplus","CRPC vs HSPC+","MECP2",0.0628126530129198,3429,0.298871763153741,0.97196958734216,"Yes",TRUE,268,0.432346399390738,1.56669010562183,0.0259006357428773,0.0259006357428773,NA,"tags=36%, list=22%, signal=29%",268
"BB3_down","BB3_down","CRPCvsHSPCplus","CRPC vs HSPC+","NUP88",0.0626137313908317,3435,0.274390902018477,0.97196958734216,"Yes",TRUE,268,0.432346399390738,1.56669010562183,0.0259006357428773,0.0259006357428773,NA,"tags=36%, list=22%, signal=29%",268
"BB3_down","BB3_down","CRPCvsHSPCplus","CRPC vs HSPC+","EMB",0.0625079329520046,3442,0.576907025599439,0.978321129890853,"Yes",TRUE,268,0.432346399390738,1.56669010562183,0.0259006357428773,0.0259006357428773,NA,"tags=36%, list=22%, signal=29%",268
"BB3_down","BB3_down","CRPCvsHSPCplus","CRPC vs HSPC+","PDCD7",0.0614728057906664,3509,0.17093753063867,0.97196958734216,"Yes",TRUE,268,0.432346399390738,1.56669010562183,0.0259006357428773,0.0259006357428773,NA,"tags=36%, list=22%, signal=29%",268
"BB3_down","BB3_down","CRPCvsHSPCplus","CRPC vs HSPC+","EXOC4",0.0613985942097708,3513,0.224226699931411,0.97196958734216,"Yes",TRUE,268,0.432346399390738,1.56669010562183,0.0259006357428773,0.0259006357428773,NA,"tags=36%, list=22%, signal=29%",268
"BB3_down","BB3_down","CRPCvsHSPCplus","CRPC vs HSPC+","ZFR",0.0612607978992115,3526,0.315926521024163,0.97196958734216,"Yes",TRUE,268,0.432346399390738,1.56669010562183,0.0259006357428773,0.0259006357428773,NA,"tags=36%, list=22%, signal=29%",268
"BB3_down","BB3_down","CRPCvsHSPCplus","CRPC vs HSPC+","KBTBD11",0.0605768696006468,3572,0.574999725723775,0.978181311799006,"Yes",TRUE,268,0.432346399390738,1.56669010562183,0.0259006357428773,0.0259006357428773,NA,"tags=36%, list=22%, signal=29%",268
"BB3_down","BB3_down","CRPCvsHSPCplus","CRPC vs HSPC+","RB1CC1",0.0600461955089062,3606,0.452914873031069,0.97196958734216,"Yes",TRUE,268,0.432346399390738,1.56669010562183,0.0259006357428773,0.0259006357428773,NA,"tags=36%, list=22%, signal=29%",268
"BB3_down","BB3_down","CRPCvsHSPCplus","CRPC vs HSPC+","AVL9",0.0592707181008967,3660,0.393333766420607,0.97196958734216,"Yes",TRUE,268,0.432346399390738,1.56669010562183,0.0259006357428773,0.0259006357428773,NA,"tags=36%, list=22%, signal=29%",268
"BB3_down","BB3_down","CRPCvsHSPCplus","CRPC vs HSPC+","SHANK2",0.0585074656175963,3725,0.490645371532185,0.97196958734216,"Yes",TRUE,268,0.432346399390738,1.56669010562183,0.0259006357428773,0.0259006357428773,NA,"tags=36%, list=22%, signal=29%",268
"BB3_down","BB3_down","CRPCvsHSPCplus","CRPC vs HSPC+","PREPL",0.0574146918515144,3791,0.391277931706979,0.97196958734216,"Yes",TRUE,268,0.432346399390738,1.56669010562183,0.0259006357428773,0.0259006357428773,NA,"tags=36%, list=22%, signal=29%",268
"BB3_down","BB3_down","CRPCvsHSPCplus","CRPC vs HSPC+","KIF3B",0.0560881482965119,3878,0.332275759593378,0.97196958734216,"Yes",TRUE,268,0.432346399390738,1.56669010562183,0.0259006357428773,0.0259006357428773,NA,"tags=36%, list=22%, signal=29%",268
"BB3_down","BB3_down","CRPCvsHSPCplus","CRPC vs HSPC+","TGFBRAP1",0.055071580006377,3932,0.397376676359491,0.97196958734216,"Yes",TRUE,268,0.432346399390738,1.56669010562183,0.0259006357428773,0.0259006357428773,NA,"tags=36%, list=22%, signal=29%",268
"BB3_down","BB3_down","CRPCvsHSPCplus","CRPC vs HSPC+","FKTN",0.0550191396464461,3937,0.30754420497816,0.97196958734216,"Yes",TRUE,268,0.432346399390738,1.56669010562183,0.0259006357428773,0.0259006357428773,NA,"tags=36%, list=22%, signal=29%",268
"BB3_down","BB3_down","CRPCvsHSPCplus","CRPC vs HSPC+","PTGER4",0.0541087705915462,3995,0.637944077569518,0.985433361581401,"No",FALSE,268,0.432346399390738,1.56669010562183,0.0259006357428773,0.0259006357428773,NA,"tags=36%, list=22%, signal=29%",268
"BB3_down","BB3_down","CRPCvsHSPCplus","CRPC vs HSPC+","MEX3A",0.0525927973360307,4112,0.707270236209065,0.987466104627567,"No",FALSE,268,0.432346399390738,1.56669010562183,0.0259006357428773,0.0259006357428773,NA,"tags=36%, list=22%, signal=29%",268
"BB3_down","BB3_down","CRPCvsHSPCplus","CRPC vs HSPC+","HSP90AA1",0.0520659694871091,4143,0.491796608026662,0.97196958734216,"No",FALSE,268,0.432346399390738,1.56669010562183,0.0259006357428773,0.0259006357428773,NA,"tags=36%, list=22%, signal=29%",268
"BB3_down","BB3_down","CRPCvsHSPCplus","CRPC vs HSPC+","RABL3",0.0507222001755179,4238,0.406484111362551,0.97196958734216,"No",FALSE,268,0.432346399390738,1.56669010562183,0.0259006357428773,0.0259006357428773,NA,"tags=36%, list=22%, signal=29%",268
"BB3_down","BB3_down","CRPCvsHSPCplus","CRPC vs HSPC+","PLOD1",0.0505420386623134,4254,0.50516018766411,0.97196958734216,"No",FALSE,268,0.432346399390738,1.56669010562183,0.0259006357428773,0.0259006357428773,NA,"tags=36%, list=22%, signal=29%",268
"BB3_down","BB3_down","CRPCvsHSPCplus","CRPC vs HSPC+","ZBTB2",0.0504682451806362,4259,0.283583793661092,0.97196958734216,"No",FALSE,268,0.432346399390738,1.56669010562183,0.0259006357428773,0.0259006357428773,NA,"tags=36%, list=22%, signal=29%",268
"BB3_down","BB3_down","CRPCvsHSPCplus","CRPC vs HSPC+","MAPT",0.0489273245788704,4382,0.686300708939893,0.987151709333159,"No",FALSE,268,0.432346399390738,1.56669010562183,0.0259006357428773,0.0259006357428773,NA,"tags=36%, list=22%, signal=29%",268
"BB3_down","BB3_down","CRPCvsHSPCplus","CRPC vs HSPC+","TAF4B",0.0487951717071504,4390,0.471362126843464,0.97196958734216,"No",FALSE,268,0.432346399390738,1.56669010562183,0.0259006357428773,0.0259006357428773,NA,"tags=36%, list=22%, signal=29%",268
"BB3_down","BB3_down","CRPCvsHSPCplus","CRPC vs HSPC+","DCAF1",0.0485178696758695,4412,0.401561401649252,0.97196958734216,"No",FALSE,268,0.432346399390738,1.56669010562183,0.0259006357428773,0.0259006357428773,NA,"tags=36%, list=22%, signal=29%",268
"BB3_down","BB3_down","CRPCvsHSPCplus","CRPC vs HSPC+","KDM4C",0.0478644968169442,4465,0.41556353226024,0.97196958734216,"No",FALSE,268,0.432346399390738,1.56669010562183,0.0259006357428773,0.0259006357428773,NA,"tags=36%, list=22%, signal=29%",268
"BB3_down","BB3_down","CRPCvsHSPCplus","CRPC vs HSPC+","CDC42SE1",0.0471918281533048,4511,0.537281576625588,0.975683920476232,"No",FALSE,268,0.432346399390738,1.56669010562183,0.0259006357428773,0.0259006357428773,NA,"tags=36%, list=22%, signal=29%",268
"BB3_down","BB3_down","CRPCvsHSPCplus","CRPC vs HSPC+","PKP4",0.0461467662751489,4583,0.434449334249316,0.97196958734216,"No",FALSE,268,0.432346399390738,1.56669010562183,0.0259006357428773,0.0259006357428773,NA,"tags=36%, list=22%, signal=29%",268
"BB3_down","BB3_down","CRPCvsHSPCplus","CRPC vs HSPC+","ADAR",0.0455639902737728,4616,0.519448666346276,0.97196958734216,"No",FALSE,268,0.432346399390738,1.56669010562183,0.0259006357428773,0.0259006357428773,NA,"tags=36%, list=22%, signal=29%",268
"BB3_down","BB3_down","CRPCvsHSPCplus","CRPC vs HSPC+","ERCC6",0.0453662631712002,4626,0.404476338668653,0.97196958734216,"No",FALSE,268,0.432346399390738,1.56669010562183,0.0259006357428773,0.0259006357428773,NA,"tags=36%, list=22%, signal=29%",268
"BB3_down","BB3_down","CRPCvsHSPCplus","CRPC vs HSPC+","P4HA1",0.0436274439898821,4756,0.675095628299988,0.986876452660118,"No",FALSE,268,0.432346399390738,1.56669010562183,0.0259006357428773,0.0259006357428773,NA,"tags=36%, list=22%, signal=29%",268
"BB3_down","BB3_down","CRPCvsHSPCplus","CRPC vs HSPC+","COG5",0.043015073669908,4807,0.599067516790206,0.979072994163188,"No",FALSE,268,0.432346399390738,1.56669010562183,0.0259006357428773,0.0259006357428773,NA,"tags=36%, list=22%, signal=29%",268
"BB3_down","BB3_down","CRPCvsHSPCplus","CRPC vs HSPC+","ATRX",0.0425997210572646,4836,0.5905644004857,0.978378444627821,"No",FALSE,268,0.432346399390738,1.56669010562183,0.0259006357428773,0.0259006357428773,NA,"tags=36%, list=22%, signal=29%",268
"BB3_down","BB3_down","CRPCvsHSPCplus","CRPC vs HSPC+","RPTOR",0.0420498881913556,4885,0.482882374385872,0.97196958734216,"No",FALSE,268,0.432346399390738,1.56669010562183,0.0259006357428773,0.0259006357428773,NA,"tags=36%, list=22%, signal=29%",268
"BB3_down","BB3_down","CRPCvsHSPCplus","CRPC vs HSPC+","CREB1",0.0411859645858708,4954,0.454844551031965,0.97196958734216,"No",FALSE,268,0.432346399390738,1.56669010562183,0.0259006357428773,0.0259006357428773,NA,"tags=36%, list=22%, signal=29%",268
"BB3_down","BB3_down","CRPCvsHSPCplus","CRPC vs HSPC+","ISYNA1",0.0408634833298285,4984,0.721669892960515,0.987814026003266,"No",FALSE,268,0.432346399390738,1.56669010562183,0.0259006357428773,0.0259006357428773,NA,"tags=36%, list=22%, signal=29%",268
"BB3_down","BB3_down","CRPCvsHSPCplus","CRPC vs HSPC+","ZNF468",0.0406656079035064,4998,0.537204589957033,0.975683920476232,"No",FALSE,268,0.432346399390738,1.56669010562183,0.0259006357428773,0.0259006357428773,NA,"tags=36%, list=22%, signal=29%",268
"BB3_down","BB3_down","CRPCvsHSPCplus","CRPC vs HSPC+","ACACA",0.0402381220968993,5048,0.716509760217517,0.987705571113768,"No",FALSE,268,0.432346399390738,1.56669010562183,0.0259006357428773,0.0259006357428773,NA,"tags=36%, list=22%, signal=29%",268
"BB3_down","BB3_down","CRPCvsHSPCplus","CRPC vs HSPC+","SP1",0.0388128908060295,5163,0.534418261670882,0.975054506894195,"No",FALSE,268,0.432346399390738,1.56669010562183,0.0259006357428773,0.0259006357428773,NA,"tags=36%, list=22%, signal=29%",268
"BB3_down","BB3_down","CRPCvsHSPCplus","CRPC vs HSPC+","TIPARP",0.0386135458489338,5181,0.707068835585,0.987466104627567,"No",FALSE,268,0.432346399390738,1.56669010562183,0.0259006357428773,0.0259006357428773,NA,"tags=36%, list=22%, signal=29%",268
"BB3_down","BB3_down","CRPCvsHSPCplus","CRPC vs HSPC+","FBXO11",0.0378261724224194,5239,0.622189827227748,0.982651228429788,"No",FALSE,268,0.432346399390738,1.56669010562183,0.0259006357428773,0.0259006357428773,NA,"tags=36%, list=22%, signal=29%",268
"BB3_down","BB3_down","CRPCvsHSPCplus","CRPC vs HSPC+","NEK9",0.0376557084765645,5245,0.514247809561444,0.97196958734216,"No",FALSE,268,0.432346399390738,1.56669010562183,0.0259006357428773,0.0259006357428773,NA,"tags=36%, list=22%, signal=29%",268
"BB3_down","BB3_down","CRPCvsHSPCplus","CRPC vs HSPC+","ZFAT",0.0364325546200699,5347,0.483276740637244,0.97196958734216,"No",FALSE,268,0.432346399390738,1.56669010562183,0.0259006357428773,0.0259006357428773,NA,"tags=36%, list=22%, signal=29%",268
"BB3_down","BB3_down","CRPCvsHSPCplus","CRPC vs HSPC+","AZI2",0.0357793932556798,5399,0.496421844598251,0.97196958734216,"No",FALSE,268,0.432346399390738,1.56669010562183,0.0259006357428773,0.0259006357428773,NA,"tags=36%, list=22%, signal=29%",268
"BB3_down","BB3_down","CRPCvsHSPCplus","CRPC vs HSPC+","FARP1",0.0352342550047502,5443,0.66497375853956,0.985433361581401,"No",FALSE,268,0.432346399390738,1.56669010562183,0.0259006357428773,0.0259006357428773,NA,"tags=36%, list=22%, signal=29%",268
"BB3_down","BB3_down","CRPCvsHSPCplus","CRPC vs HSPC+","RALGAPA1",0.0352213610147132,5445,0.613805957851027,0.980640428811616,"No",FALSE,268,0.432346399390738,1.56669010562183,0.0259006357428773,0.0259006357428773,NA,"tags=36%, list=22%, signal=29%",268
"BB3_down","BB3_down","CRPCvsHSPCplus","CRPC vs HSPC+","BICD2",0.0350531667376708,5458,0.569121120729084,0.977143590174758,"No",FALSE,268,0.432346399390738,1.56669010562183,0.0259006357428773,0.0259006357428773,NA,"tags=36%, list=22%, signal=29%",268
"BB3_down","BB3_down","CRPCvsHSPCplus","CRPC vs HSPC+","NUMBL",0.0350354848397636,5460,0.630393995867092,0.985433361581401,"No",FALSE,268,0.432346399390738,1.56669010562183,0.0259006357428773,0.0259006357428773,NA,"tags=36%, list=22%, signal=29%",268
"BB3_down","BB3_down","CRPCvsHSPCplus","CRPC vs HSPC+","ZBTB45",0.0348583071998334,5481,0.639157202437467,0.985433361581401,"No",FALSE,268,0.432346399390738,1.56669010562183,0.0259006357428773,0.0259006357428773,NA,"tags=36%, list=22%, signal=29%",268
"BB3_down","BB3_down","CRPCvsHSPCplus","CRPC vs HSPC+","CABIN1",0.034236317613094,5530,0.572105366687808,0.977473150307166,"No",FALSE,268,0.432346399390738,1.56669010562183,0.0259006357428773,0.0259006357428773,NA,"tags=36%, list=22%, signal=29%",268
"BB3_down","BB3_down","CRPCvsHSPCplus","CRPC vs HSPC+","CHTF8",0.0320795937947675,5724,0.465490081743004,0.97196958734216,"No",FALSE,268,0.432346399390738,1.56669010562183,0.0259006357428773,0.0259006357428773,NA,"tags=36%, list=22%, signal=29%",268
"BB3_down","BB3_down","CRPCvsHSPCplus","CRPC vs HSPC+","MYO9A",0.0319852549290947,5731,0.634244495757603,0.985433361581401,"No",FALSE,268,0.432346399390738,1.56669010562183,0.0259006357428773,0.0259006357428773,NA,"tags=36%, list=22%, signal=29%",268
"BB3_down","BB3_down","CRPCvsHSPCplus","CRPC vs HSPC+","RNF38",0.0301608728240024,5892,0.648715817250342,0.985433361581401,"No",FALSE,268,0.432346399390738,1.56669010562183,0.0259006357428773,0.0259006357428773,NA,"tags=36%, list=22%, signal=29%",268
"BB3_down","BB3_down","CRPCvsHSPCplus","CRPC vs HSPC+","LMAN1",0.0292612994095691,5981,0.745450511982232,0.990191979852221,"No",FALSE,268,0.432346399390738,1.56669010562183,0.0259006357428773,0.0259006357428773,NA,"tags=36%, list=22%, signal=29%",268
"BB3_down","BB3_down","CRPCvsHSPCplus","CRPC vs HSPC+","RORC",0.0291414449080096,5996,0.827814563332348,0.994594115304049,"No",FALSE,268,0.432346399390738,1.56669010562183,0.0259006357428773,0.0259006357428773,NA,"tags=36%, list=22%, signal=29%",268
"BB3_down","BB3_down","CRPCvsHSPCplus","CRPC vs HSPC+","ARNT2",0.0284570563309785,6061,0.746120550262336,0.990191979852221,"No",FALSE,268,0.432346399390738,1.56669010562183,0.0259006357428773,0.0259006357428773,NA,"tags=36%, list=22%, signal=29%",268
"BB3_down","BB3_down","CRPCvsHSPCplus","CRPC vs HSPC+","POGK",0.0282723097059203,6074,0.618982024079833,0.981856183079061,"No",FALSE,268,0.432346399390738,1.56669010562183,0.0259006357428773,0.0259006357428773,NA,"tags=36%, list=22%, signal=29%",268
"BB3_down","BB3_down","CRPCvsHSPCplus","CRPC vs HSPC+","ATP13A2",0.0282312944904302,6080,0.701243869708912,0.987151709333159,"No",FALSE,268,0.432346399390738,1.56669010562183,0.0259006357428773,0.0259006357428773,NA,"tags=36%, list=22%, signal=29%",268
"BB3_down","BB3_down","CRPCvsHSPCplus","CRPC vs HSPC+","UTP14A",0.0280589569414347,6100,0.571111364038211,0.977473150307166,"No",FALSE,268,0.432346399390738,1.56669010562183,0.0259006357428773,0.0259006357428773,NA,"tags=36%, list=22%, signal=29%",268
"BB3_down","BB3_down","CRPCvsHSPCplus","CRPC vs HSPC+","EIF2A",0.0279011182686713,6116,0.64060060776457,0.985433361581401,"No",FALSE,268,0.432346399390738,1.56669010562183,0.0259006357428773,0.0259006357428773,NA,"tags=36%, list=22%, signal=29%",268
"BB3_down","BB3_down","CRPCvsHSPCplus","CRPC vs HSPC+","SLC12A8",0.0277903696855035,6128,0.727402781648332,0.989340612542704,"No",FALSE,268,0.432346399390738,1.56669010562183,0.0259006357428773,0.0259006357428773,NA,"tags=36%, list=22%, signal=29%",268
"BB3_down","BB3_down","CRPCvsHSPCplus","CRPC vs HSPC+","SHANK3",0.0273676758060504,6161,0.739862060533415,0.990191979852221,"No",FALSE,268,0.432346399390738,1.56669010562183,0.0259006357428773,0.0259006357428773,NA,"tags=36%, list=22%, signal=29%",268
"BB3_down","BB3_down","CRPCvsHSPCplus","CRPC vs HSPC+","TM9SF4",0.0271384511119175,6191,0.638061273588746,0.985433361581401,"No",FALSE,268,0.432346399390738,1.56669010562183,0.0259006357428773,0.0259006357428773,NA,"tags=36%, list=22%, signal=29%",268
"BB3_down","BB3_down","CRPCvsHSPCplus","CRPC vs HSPC+","RBPJ",0.0261614600766231,6272,0.610513427277275,0.980164524505264,"No",FALSE,268,0.432346399390738,1.56669010562183,0.0259006357428773,0.0259006357428773,NA,"tags=36%, list=22%, signal=29%",268
"BB3_down","BB3_down","CRPCvsHSPCplus","CRPC vs HSPC+","SERBP1",0.0256230911263522,6313,0.652906534021724,0.985433361581401,"No",FALSE,268,0.432346399390738,1.56669010562183,0.0259006357428773,0.0259006357428773,NA,"tags=36%, list=22%, signal=29%",268
"BB3_down","BB3_down","CRPCvsHSPCplus","CRPC vs HSPC+","PODXL",0.0250065606458851,6386,0.819983235928137,0.994527656319849,"No",FALSE,268,0.432346399390738,1.56669010562183,0.0259006357428773,0.0259006357428773,NA,"tags=36%, list=22%, signal=29%",268
"BB3_down","BB3_down","CRPCvsHSPCplus","CRPC vs HSPC+","CHST3",0.0243447778610051,6459,0.792339072359609,0.993714391242088,"No",FALSE,268,0.432346399390738,1.56669010562183,0.0259006357428773,0.0259006357428773,NA,"tags=36%, list=22%, signal=29%",268
"BB3_down","BB3_down","CRPCvsHSPCplus","CRPC vs HSPC+","NCBP1",0.0241572649241539,6478,0.66991542949167,0.985537770155486,"No",FALSE,268,0.432346399390738,1.56669010562183,0.0259006357428773,0.0259006357428773,NA,"tags=36%, list=22%, signal=29%",268
"BB3_down","BB3_down","CRPCvsHSPCplus","CRPC vs HSPC+","EBF2",0.0239293202816629,6499,0.755934440766538,0.990206305218199,"No",FALSE,268,0.432346399390738,1.56669010562183,0.0259006357428773,0.0259006357428773,NA,"tags=36%, list=22%, signal=29%",268
"BB3_down","BB3_down","CRPCvsHSPCplus","CRPC vs HSPC+","ZNF644",0.0232617569793203,6570,0.720045656506545,0.987705571113768,"No",FALSE,268,0.432346399390738,1.56669010562183,0.0259006357428773,0.0259006357428773,NA,"tags=36%, list=22%, signal=29%",268
"BB3_down","BB3_down","CRPCvsHSPCplus","CRPC vs HSPC+","TBC1D8B",0.023158481460835,6584,0.747020443156259,0.990191979852221,"No",FALSE,268,0.432346399390738,1.56669010562183,0.0259006357428773,0.0259006357428773,NA,"tags=36%, list=22%, signal=29%",268
"BB3_down","BB3_down","CRPCvsHSPCplus","CRPC vs HSPC+","PARP4",0.0229084264473793,6601,0.771780550500129,0.991138493812497,"No",FALSE,268,0.432346399390738,1.56669010562183,0.0259006357428773,0.0259006357428773,NA,"tags=36%, list=22%, signal=29%",268
"BB3_down","BB3_down","CRPCvsHSPCplus","CRPC vs HSPC+","HSP90B1",0.0221169779456876,6670,0.788955275087007,0.993616180594329,"No",FALSE,268,0.432346399390738,1.56669010562183,0.0259006357428773,0.0259006357428773,NA,"tags=36%, list=22%, signal=29%",268
"BB3_down","BB3_down","CRPCvsHSPCplus","CRPC vs HSPC+","PLXNA1",0.0218612804536087,6696,0.790382346571487,0.993616180594329,"No",FALSE,268,0.432346399390738,1.56669010562183,0.0259006357428773,0.0259006357428773,NA,"tags=36%, list=22%, signal=29%",268
"BB3_down","BB3_down","CRPCvsHSPCplus","CRPC vs HSPC+","MAST3",0.0217200143207184,6709,0.753373746691992,0.990191979852221,"No",FALSE,268,0.432346399390738,1.56669010562183,0.0259006357428773,0.0259006357428773,NA,"tags=36%, list=22%, signal=29%",268
"BB3_down","BB3_down","CRPCvsHSPCplus","CRPC vs HSPC+","NOL8",0.0207319796815444,6802,0.658231471402823,0.985433361581401,"No",FALSE,268,0.432346399390738,1.56669010562183,0.0259006357428773,0.0259006357428773,NA,"tags=36%, list=22%, signal=29%",268
"BB3_down","BB3_down","CRPCvsHSPCplus","CRPC vs HSPC+","EPM2AIP1",0.020587720109944,6820,0.750188576447982,0.990191979852221,"No",FALSE,268,0.432346399390738,1.56669010562183,0.0259006357428773,0.0259006357428773,NA,"tags=36%, list=22%, signal=29%",268
"BB3_down","BB3_down","CRPCvsHSPCplus","CRPC vs HSPC+","MICAL3",0.0203406414709384,6846,0.773491784997845,0.99191000724915,"No",FALSE,268,0.432346399390738,1.56669010562183,0.0259006357428773,0.0259006357428773,NA,"tags=36%, list=22%, signal=29%",268
"BB3_down","BB3_down","CRPCvsHSPCplus","CRPC vs HSPC+","HDLBP",0.0188752112403394,6992,0.799683059066837,0.993714391242088,"No",FALSE,268,0.432346399390738,1.56669010562183,0.0259006357428773,0.0259006357428773,NA,"tags=36%, list=22%, signal=29%",268
"BB3_down","BB3_down","CRPCvsHSPCplus","CRPC vs HSPC+","U2SURP",0.0186945001969541,7013,0.747401748071922,0.990191979852221,"No",FALSE,268,0.432346399390738,1.56669010562183,0.0259006357428773,0.0259006357428773,NA,"tags=36%, list=22%, signal=29%",268
"BB3_down","BB3_down","CRPCvsHSPCplus","CRPC vs HSPC+","FOXO4",0.0182887741239584,7058,0.823399549943719,0.994594115304049,"No",FALSE,268,0.432346399390738,1.56669010562183,0.0259006357428773,0.0259006357428773,NA,"tags=36%, list=22%, signal=29%",268
"BB3_down","BB3_down","CRPCvsHSPCplus","CRPC vs HSPC+","ABL2",0.016687571031567,7180,0.747442013248817,0.990191979852221,"No",FALSE,268,0.432346399390738,1.56669010562183,0.0259006357428773,0.0259006357428773,NA,"tags=36%, list=22%, signal=29%",268
"BB3_down","BB3_down","CRPCvsHSPCplus","CRPC vs HSPC+","LRRC32",0.0161876442170947,7235,0.893625364844574,0.997662723953238,"No",FALSE,268,0.432346399390738,1.56669010562183,0.0259006357428773,0.0259006357428773,NA,"tags=36%, list=22%, signal=29%",268
"BB3_down","BB3_down","CRPCvsHSPCplus","CRPC vs HSPC+","FLNA",0.0157764706745498,7278,0.921717923943965,0.99954299627195,"No",FALSE,268,0.432346399390738,1.56669010562183,0.0259006357428773,0.0259006357428773,NA,"tags=36%, list=22%, signal=29%",268
"BB3_down","BB3_down","CRPCvsHSPCplus","CRPC vs HSPC+","TRIM14",0.0147748853999716,7379,0.873664183559749,0.996933934133807,"No",FALSE,268,0.432346399390738,1.56669010562183,0.0259006357428773,0.0259006357428773,NA,"tags=36%, list=22%, signal=29%",268
"BB3_down","BB3_down","CRPCvsHSPCplus","CRPC vs HSPC+","ZC3H12C",0.0142392690284123,7436,0.797121066538612,0.993714391242088,"No",FALSE,268,0.432346399390738,1.56669010562183,0.0259006357428773,0.0259006357428773,NA,"tags=36%, list=22%, signal=29%",268
"BB3_down","BB3_down","CRPCvsHSPCplus","CRPC vs HSPC+","PFAS",0.0141072140694445,7447,0.837240606940064,0.995132449578446,"No",FALSE,268,0.432346399390738,1.56669010562183,0.0259006357428773,0.0259006357428773,NA,"tags=36%, list=22%, signal=29%",268
"BB3_down","BB3_down","CRPCvsHSPCplus","CRPC vs HSPC+","TWNK",0.0140698313707306,7452,0.848973522664376,0.996102040557733,"No",FALSE,268,0.432346399390738,1.56669010562183,0.0259006357428773,0.0259006357428773,NA,"tags=36%, list=22%, signal=29%",268
"BB3_down","BB3_down","CRPCvsHSPCplus","CRPC vs HSPC+","PRKX",0.0137435796727545,7492,0.859576047765938,0.996794844179341,"No",FALSE,268,0.432346399390738,1.56669010562183,0.0259006357428773,0.0259006357428773,NA,"tags=36%, list=22%, signal=29%",268
"BB3_down","BB3_down","CRPCvsHSPCplus","CRPC vs HSPC+","MED12",0.0125310125594487,7612,0.870782968980016,0.996794844179341,"No",FALSE,268,0.432346399390738,1.56669010562183,0.0259006357428773,0.0259006357428773,NA,"tags=36%, list=22%, signal=29%",268
"BB3_down","BB3_down","CRPCvsHSPCplus","CRPC vs HSPC+","ANKRD13B",0.0122275730495367,7637,0.904495262546817,0.998732430581662,"No",FALSE,268,0.432346399390738,1.56669010562183,0.0259006357428773,0.0259006357428773,NA,"tags=36%, list=22%, signal=29%",268
"BB3_down","BB3_down","CRPCvsHSPCplus","CRPC vs HSPC+","TXNL1",0.012044450603689,7658,0.840726911946022,0.995245270667715,"No",FALSE,268,0.432346399390738,1.56669010562183,0.0259006357428773,0.0259006357428773,NA,"tags=36%, list=22%, signal=29%",268
"BB3_down","BB3_down","CRPCvsHSPCplus","CRPC vs HSPC+","BRPF3",0.0119316517605297,7674,0.885004210932784,0.996986062670989,"No",FALSE,268,0.432346399390738,1.56669010562183,0.0259006357428773,0.0259006357428773,NA,"tags=36%, list=22%, signal=29%",268
"BB3_down","BB3_down","CRPCvsHSPCplus","CRPC vs HSPC+","ACLY",0.011316550654934,7738,0.910501436300946,0.999340620203357,"No",FALSE,268,0.432346399390738,1.56669010562183,0.0259006357428773,0.0259006357428773,NA,"tags=36%, list=22%, signal=29%",268
"BB3_down","BB3_down","CRPCvsHSPCplus","CRPC vs HSPC+","ZNF384",0.0113107265837464,7739,0.877687782275928,0.996933934133807,"No",FALSE,268,0.432346399390738,1.56669010562183,0.0259006357428773,0.0259006357428773,NA,"tags=36%, list=22%, signal=29%",268
"BB3_down","BB3_down","CRPCvsHSPCplus","CRPC vs HSPC+","BCL9",0.0105690766983439,7814,0.905494971618021,0.998961287637823,"No",FALSE,268,0.432346399390738,1.56669010562183,0.0259006357428773,0.0259006357428773,NA,"tags=36%, list=22%, signal=29%",268
"BB3_down","BB3_down","CRPCvsHSPCplus","CRPC vs HSPC+","MEGF8",0.00960229815410285,7905,0.897455003543093,0.998056411615709,"No",FALSE,268,0.432346399390738,1.56669010562183,0.0259006357428773,0.0259006357428773,NA,"tags=36%, list=22%, signal=29%",268
"BB3_down","BB3_down","CRPCvsHSPCplus","CRPC vs HSPC+","SLC46A1",0.00952207441949571,7917,0.854112261671305,0.99647254651972,"No",FALSE,268,0.432346399390738,1.56669010562183,0.0259006357428773,0.0259006357428773,NA,"tags=36%, list=22%, signal=29%",268
"BB3_down","BB3_down","CRPCvsHSPCplus","CRPC vs HSPC+","TRAPPC10",0.00947560112021595,7922,0.89051359643361,0.996986062670989,"No",FALSE,268,0.432346399390738,1.56669010562183,0.0259006357428773,0.0259006357428773,NA,"tags=36%, list=22%, signal=29%",268
"BB3_down","BB3_down","CRPCvsHSPCplus","CRPC vs HSPC+","DIS3L",0.00907441050509483,7969,0.871948102181173,0.996933934133807,"No",FALSE,268,0.432346399390738,1.56669010562183,0.0259006357428773,0.0259006357428773,NA,"tags=36%, list=22%, signal=29%",268
"BB3_down","BB3_down","CRPCvsHSPCplus","CRPC vs HSPC+","USP48",0.00885499673532797,7994,0.846241625163415,0.995458570989534,"No",FALSE,268,0.432346399390738,1.56669010562183,0.0259006357428773,0.0259006357428773,NA,"tags=36%, list=22%, signal=29%",268
"BB3_down","BB3_down","CRPCvsHSPCplus","CRPC vs HSPC+","BTBD9",0.0087647356863112,8005,0.878538096284294,0.996933934133807,"No",FALSE,268,0.432346399390738,1.56669010562183,0.0259006357428773,0.0259006357428773,NA,"tags=36%, list=22%, signal=29%",268
"BB3_down","BB3_down","CRPCvsHSPCplus","CRPC vs HSPC+","NSMAF",0.00876433827808398,8006,0.895051114666777,0.998056411615709,"No",FALSE,268,0.432346399390738,1.56669010562183,0.0259006357428773,0.0259006357428773,NA,"tags=36%, list=22%, signal=29%",268
"BB3_down","BB3_down","CRPCvsHSPCplus","CRPC vs HSPC+","PCDHGB5",0.00806464416807584,8091,0.936946915431177,0.99954299627195,"No",FALSE,268,0.432346399390738,1.56669010562183,0.0259006357428773,0.0259006357428773,NA,"tags=36%, list=22%, signal=29%",268
"BB3_down","BB3_down","CRPCvsHSPCplus","CRPC vs HSPC+","ZNF728",0.00689694645723397,8222,0.756807069393667,0.990206305218199,"No",FALSE,268,0.432346399390738,1.56669010562183,0.0259006357428773,0.0259006357428773,NA,"tags=36%, list=22%, signal=29%",268
"BB3_down","BB3_down","CRPCvsHSPCplus","CRPC vs HSPC+","MTMR4",0.00679116478819441,8239,0.912256612385783,0.999475299605029,"No",FALSE,268,0.432346399390738,1.56669010562183,0.0259006357428773,0.0259006357428773,NA,"tags=36%, list=22%, signal=29%",268
"BB3_down","BB3_down","CRPCvsHSPCplus","CRPC vs HSPC+","PCSK7",0.00651273614967329,8263,0.913269494120077,0.999539998987926,"No",FALSE,268,0.432346399390738,1.56669010562183,0.0259006357428773,0.0259006357428773,NA,"tags=36%, list=22%, signal=29%",268
"BB3_down","BB3_down","CRPCvsHSPCplus","CRPC vs HSPC+","TICRR",0.00603186498837072,8316,0.912672186128861,0.999475299605029,"No",FALSE,268,0.432346399390738,1.56669010562183,0.0259006357428773,0.0259006357428773,NA,"tags=36%, list=22%, signal=29%",268
"BB3_down","BB3_down","CRPCvsHSPCplus","CRPC vs HSPC+","ANKH",0.00555622094217068,8377,0.960829725520999,0.99954299627195,"No",FALSE,268,0.432346399390738,1.56669010562183,0.0259006357428773,0.0259006357428773,NA,"tags=36%, list=22%, signal=29%",268
"BB3_down","BB3_down","CRPCvsHSPCplus","CRPC vs HSPC+","PPP2R5D",0.00435173649871512,8523,0.953632881443196,0.99954299627195,"No",FALSE,268,0.432346399390738,1.56669010562183,0.0259006357428773,0.0259006357428773,NA,"tags=36%, list=22%, signal=29%",268
"BB3_down","BB3_down","CRPCvsHSPCplus","CRPC vs HSPC+","EPC2",0.00405665361454721,8563,0.951068988819847,0.99954299627195,"No",FALSE,268,0.432346399390738,1.56669010562183,0.0259006357428773,0.0259006357428773,NA,"tags=36%, list=22%, signal=29%",268
"BB3_down","BB3_down","CRPCvsHSPCplus","CRPC vs HSPC+","ZNF614",0.00344072553803709,8643,0.973526430633026,0.99954299627195,"No",FALSE,268,0.432346399390738,1.56669010562183,0.0259006357428773,0.0259006357428773,NA,"tags=36%, list=22%, signal=29%",268
"BB3_down","BB3_down","CRPCvsHSPCplus","CRPC vs HSPC+","DYNC2H1",0.00198049108452159,8825,0.977435026727558,0.99954299627195,"No",FALSE,268,0.432346399390738,1.56669010562183,0.0259006357428773,0.0259006357428773,NA,"tags=36%, list=22%, signal=29%",268
"BB3_down","BB3_down","CRPCvsHSPCplus","CRPC vs HSPC+","TTC7B",0.00129158992562473,8913,0.982348907939902,0.99954299627195,"No",FALSE,268,0.432346399390738,1.56669010562183,0.0259006357428773,0.0259006357428773,NA,"tags=36%, list=22%, signal=29%",268
"BB3_down","BB3_down","CRPCvsHSPCplus","CRPC vs HSPC+","ZNF292",0.0010052551742783,8948,0.990207819037695,0.99981451838626,"No",FALSE,268,0.432346399390738,1.56669010562183,0.0259006357428773,0.0259006357428773,NA,"tags=36%, list=22%, signal=29%",268
"BB3_down","BB3_down","CRPCvsHSPCplus","CRPC vs HSPC+","SH3PXD2B",0.00084544367049677,8970,0.992339823878665,0.99981451838626,"No",FALSE,268,0.432346399390738,1.56669010562183,0.0259006357428773,0.0259006357428773,NA,"tags=36%, list=22%, signal=29%",268
"BB3_down","BB3_down","CRPCvsHSPCplus","CRPC vs HSPC+","IMPDH2",0.000708041873195953,8984,0.994016394592986,0.99981451838626,"No",FALSE,268,0.432346399390738,1.56669010562183,0.0259006357428773,0.0259006357428773,NA,"tags=36%, list=22%, signal=29%",268
"BB3_down","BB3_down","CRPCvsHSPCplus","CRPC vs HSPC+","SRRM2",0.00036837201417228,9034,0.996960234132691,0.999966150221938,"No",FALSE,268,0.432346399390738,1.56669010562183,0.0259006357428773,0.0259006357428773,NA,"tags=36%, list=22%, signal=29%",268
"BB3_down","BB3_down","CRPCvsHSPCplus","CRPC vs HSPC+","GEMIN4",0.000366478096334166,9035,0.995934752257295,0.999929435604261,"No",FALSE,268,0.432346399390738,1.56669010562183,0.0259006357428773,0.0259006357428773,NA,"tags=36%, list=22%, signal=29%",268
"BB3_down","BB3_down","CRPCvsHSPCplus","CRPC vs HSPC+","MIA3",-0.000566585752164173,9180,0.995921435206705,0.999929435604261,"No",FALSE,268,0.432346399390738,1.56669010562183,0.0259006357428773,0.0259006357428773,NA,"tags=36%, list=22%, signal=29%",268
"BB3_down","BB3_down","CRPCvsHSPCplus","CRPC vs HSPC+","SLC35E2B",-0.00175044322520579,9347,0.983510786367296,0.999566892237458,"No",FALSE,268,0.432346399390738,1.56669010562183,0.0259006357428773,0.0259006357428773,NA,"tags=36%, list=22%, signal=29%",268
"BB3_down","BB3_down","CRPCvsHSPCplus","CRPC vs HSPC+","DLG1",-0.0018319076843416,9356,0.974684513218928,0.99954299627195,"No",FALSE,268,0.432346399390738,1.56669010562183,0.0259006357428773,0.0259006357428773,NA,"tags=36%, list=22%, signal=29%",268
"BB3_down","BB3_down","CRPCvsHSPCplus","CRPC vs HSPC+","PANX1",-0.00204247405861713,9392,0.974133637361498,0.99954299627195,"No",FALSE,268,0.432346399390738,1.56669010562183,0.0259006357428773,0.0259006357428773,NA,"tags=36%, list=22%, signal=29%",268
"BB3_down","BB3_down","CRPCvsHSPCplus","CRPC vs HSPC+","PHRF1",-0.00256071525139401,9476,0.968534328495362,0.99954299627195,"No",FALSE,268,0.432346399390738,1.56669010562183,0.0259006357428773,0.0259006357428773,NA,"tags=36%, list=22%, signal=29%",268
"BB3_down","BB3_down","CRPCvsHSPCplus","CRPC vs HSPC+","CDK12",-0.00289492351187182,9535,0.969686287029713,0.99954299627195,"No",FALSE,268,0.432346399390738,1.56669010562183,0.0259006357428773,0.0259006357428773,NA,"tags=36%, list=22%, signal=29%",268
"BB3_down","BB3_down","CRPCvsHSPCplus","CRPC vs HSPC+","PHKB",-0.00554309005960807,9915,0.941749484486494,0.99954299627195,"No",FALSE,268,0.432346399390738,1.56669010562183,0.0259006357428773,0.0259006357428773,NA,"tags=36%, list=22%, signal=29%",268
"BB3_down","BB3_down","CRPCvsHSPCplus","CRPC vs HSPC+","ADRA2A",-0.00930568113388963,10552,0.956901724728642,0.99954299627195,"No",FALSE,268,0.432346399390738,1.56669010562183,0.0259006357428773,0.0259006357428773,NA,"tags=36%, list=22%, signal=29%",268
"BB3_down","BB3_down","CRPCvsHSPCplus","CRPC vs HSPC+","AARS2",-0.0116996499421904,11000,0.801258022436939,0.993714391242088,"No",FALSE,268,0.432346399390738,1.56669010562183,0.0259006357428773,0.0259006357428773,NA,"tags=36%, list=22%, signal=29%",268
"BB3_down","BB3_down","CRPCvsHSPCplus","CRPC vs HSPC+","ZNF143",-0.0118508981425123,11030,0.784872701955903,0.993616180594329,"No",FALSE,268,0.432346399390738,1.56669010562183,0.0259006357428773,0.0259006357428773,NA,"tags=36%, list=22%, signal=29%",268
"BB3_down","BB3_down","CRPCvsHSPCplus","CRPC vs HSPC+","WIPF2",-0.01210157006504,11074,0.826248136014826,0.994594115304049,"No",FALSE,268,0.432346399390738,1.56669010562183,0.0259006357428773,0.0259006357428773,NA,"tags=36%, list=22%, signal=29%",268
"BB3_down","BB3_down","CRPCvsHSPCplus","CRPC vs HSPC+","PCDHB12",-0.0123962423418321,11116,0.828498698462331,0.994613649720483,"No",FALSE,268,0.432346399390738,1.56669010562183,0.0259006357428773,0.0259006357428773,NA,"tags=36%, list=22%, signal=29%",268
"BB3_down","BB3_down","CRPCvsHSPCplus","CRPC vs HSPC+","DDX3Y",-0.0124491776778379,11126,0.890524704269865,0.996986062670989,"No",FALSE,268,0.432346399390738,1.56669010562183,0.0259006357428773,0.0259006357428773,NA,"tags=36%, list=22%, signal=29%",268
"BB3_down","BB3_down","CRPCvsHSPCplus","CRPC vs HSPC+","ANKS1B",-0.0126580898993698,11162,0.801619259214087,0.993714391242088,"No",FALSE,268,0.432346399390738,1.56669010562183,0.0259006357428773,0.0259006357428773,NA,"tags=36%, list=22%, signal=29%",268
"BB3_down","BB3_down","CRPCvsHSPCplus","CRPC vs HSPC+","INVS",-0.0137140396387838,11359,0.78151279403013,0.992690883266254,"No",FALSE,268,0.432346399390738,1.56669010562183,0.0259006357428773,0.0259006357428773,NA,"tags=36%, list=22%, signal=29%",268
"BB3_down","BB3_down","CRPCvsHSPCplus","CRPC vs HSPC+","BBS9",-0.0153805722207803,11680,0.739972823638717,0.990191979852221,"No",FALSE,268,0.432346399390738,1.56669010562183,0.0259006357428773,0.0259006357428773,NA,"tags=36%, list=22%, signal=29%",268
"BB3_down","BB3_down","CRPCvsHSPCplus","CRPC vs HSPC+","TRIM44",-0.0157044515825149,11754,0.799461282005494,0.993714391242088,"No",FALSE,268,0.432346399390738,1.56669010562183,0.0259006357428773,0.0259006357428773,NA,"tags=36%, list=22%, signal=29%",268
"BB3_down","BB3_down","CRPCvsHSPCplus","CRPC vs HSPC+","MIPOL1",-0.0166127170996493,11891,0.783404634455463,0.993417965676937,"No",FALSE,268,0.432346399390738,1.56669010562183,0.0259006357428773,0.0259006357428773,NA,"tags=36%, list=22%, signal=29%",268
"BB3_down","BB3_down","CRPCvsHSPCplus","CRPC vs HSPC+","TUBGCP4",-0.0182454637282936,12177,0.687425779761362,0.987151709333159,"No",FALSE,268,0.432346399390738,1.56669010562183,0.0259006357428773,0.0259006357428773,NA,"tags=36%, list=22%, signal=29%",268
"BB3_down","BB3_down","CRPCvsHSPCplus","CRPC vs HSPC+","HMGXB4",-0.0193844570187918,12363,0.768551585091632,0.991138493812497,"No",FALSE,268,0.432346399390738,1.56669010562183,0.0259006357428773,0.0259006357428773,NA,"tags=36%, list=22%, signal=29%",268
"BB3_down","BB3_down","CRPCvsHSPCplus","CRPC vs HSPC+","TM7SF3",-0.0194324931391958,12370,0.809134828603156,0.993714391242088,"No",FALSE,268,0.432346399390738,1.56669010562183,0.0259006357428773,0.0259006357428773,NA,"tags=36%, list=22%, signal=29%",268
"BB3_down","BB3_down","CRPCvsHSPCplus","CRPC vs HSPC+","RALGAPA2",-0.0199104495862632,12444,0.880856184581176,0.996933934133807,"No",FALSE,268,0.432346399390738,1.56669010562183,0.0259006357428773,0.0259006357428773,NA,"tags=36%, list=22%, signal=29%",268
"BB3_down","BB3_down","CRPCvsHSPCplus","CRPC vs HSPC+","ZNF350",-0.0208294985780819,12568,0.83332892842361,0.994867337914577,"No",FALSE,268,0.432346399390738,1.56669010562183,0.0259006357428773,0.0259006357428773,NA,"tags=36%, list=22%, signal=29%",268
"BB3_down","BB3_down","CRPCvsHSPCplus","CRPC vs HSPC+","LRRC8D",-0.0251852570579563,13118,0.703773328848064,0.987151709333159,"No",FALSE,268,0.432346399390738,1.56669010562183,0.0259006357428773,0.0259006357428773,NA,"tags=36%, list=22%, signal=29%",268
"BB3_down","BB3_down","CRPCvsHSPCplus","CRPC vs HSPC+","TMTC4",-0.0265730958822741,13287,0.783048471606549,0.993360480622283,"No",FALSE,268,0.432346399390738,1.56669010562183,0.0259006357428773,0.0259006357428773,NA,"tags=36%, list=22%, signal=29%",268
"BB3_down","BB3_down","CRPCvsHSPCplus","CRPC vs HSPC+","PLEKHH1",-0.0278757043897104,13442,0.84165786565787,0.995245270667715,"No",FALSE,268,0.432346399390738,1.56669010562183,0.0259006357428773,0.0259006357428773,NA,"tags=36%, list=22%, signal=29%",268
"BB3_down","BB3_down","CRPCvsHSPCplus","CRPC vs HSPC+","DOCK1",-0.028140960222359,13471,0.726014903340762,0.988722427687616,"No",FALSE,268,0.432346399390738,1.56669010562183,0.0259006357428773,0.0259006357428773,NA,"tags=36%, list=22%, signal=29%",268
"BB3_down","BB3_down","CRPCvsHSPCplus","CRPC vs HSPC+","CDC5L",-0.0289409984206981,13565,0.577673408772227,0.978321129890853,"No",FALSE,268,0.432346399390738,1.56669010562183,0.0259006357428773,0.0259006357428773,NA,"tags=36%, list=22%, signal=29%",268
"BB3_down","BB3_down","CRPCvsHSPCplus","CRPC vs HSPC+","STT3A",-0.0291588814894403,13601,0.683075747176142,0.987151709333159,"No",FALSE,268,0.432346399390738,1.56669010562183,0.0259006357428773,0.0259006357428773,NA,"tags=36%, list=22%, signal=29%",268
"BB3_down","BB3_down","CRPCvsHSPCplus","CRPC vs HSPC+","SLC26A1",-0.0296491700561472,13655,0.698834370866654,0.987151709333159,"No",FALSE,268,0.432346399390738,1.56669010562183,0.0259006357428773,0.0259006357428773,NA,"tags=36%, list=22%, signal=29%",268
"BB3_down","BB3_down","CRPCvsHSPCplus","CRPC vs HSPC+","LRBA",-0.0296701327846942,13657,0.761933064554715,0.990575886469576,"No",FALSE,268,0.432346399390738,1.56669010562183,0.0259006357428773,0.0259006357428773,NA,"tags=36%, list=22%, signal=29%",268
"BB3_down","BB3_down","CRPCvsHSPCplus","CRPC vs HSPC+","NRDE2",-0.0297127479771475,13665,0.348536563851403,0.97196958734216,"No",FALSE,268,0.432346399390738,1.56669010562183,0.0259006357428773,0.0259006357428773,NA,"tags=36%, list=22%, signal=29%",268
"BB3_down","BB3_down","CRPCvsHSPCplus","CRPC vs HSPC+","TTYH2",-0.0307914948115673,13778,0.613510388205436,0.980623998515575,"No",FALSE,268,0.432346399390738,1.56669010562183,0.0259006357428773,0.0259006357428773,NA,"tags=36%, list=22%, signal=29%",268
"BB3_down","BB3_down","CRPCvsHSPCplus","CRPC vs HSPC+","TANC2",-0.0327396301282281,13973,0.676117170272579,0.986876452660118,"No",FALSE,268,0.432346399390738,1.56669010562183,0.0259006357428773,0.0259006357428773,NA,"tags=36%, list=22%, signal=29%",268
"BB3_down","BB3_down","CRPCvsHSPCplus","CRPC vs HSPC+","CCDC88C",-0.0356626640654354,14268,0.684601506489979,0.987151709333159,"No",FALSE,268,0.432346399390738,1.56669010562183,0.0259006357428773,0.0259006357428773,NA,"tags=36%, list=22%, signal=29%",268
"BB3_down","BB3_down","CRPCvsHSPCplus","CRPC vs HSPC+","CTIF",-0.0364520354375713,14359,0.563937615872598,0.976755229736762,"No",FALSE,268,0.432346399390738,1.56669010562183,0.0259006357428773,0.0259006357428773,NA,"tags=36%, list=22%, signal=29%",268
"BB3_down","BB3_down","CRPCvsHSPCplus","CRPC vs HSPC+","ZNF354C",-0.0440541305382238,14958,0.465452256318498,0.97196958734216,"No",FALSE,268,0.432346399390738,1.56669010562183,0.0259006357428773,0.0259006357428773,NA,"tags=36%, list=22%, signal=29%",268
"BB3_down","BB3_down","CRPCvsHSPCplus","CRPC vs HSPC+","MAP3K21",-0.0452702396995612,15056,0.469273512651127,0.97196958734216,"No",FALSE,268,0.432346399390738,1.56669010562183,0.0259006357428773,0.0259006357428773,NA,"tags=36%, list=22%, signal=29%",268
"BB3_down","BB3_down","CRPCvsHSPCplus","CRPC vs HSPC+","GCNT1",-0.0474610306713958,15216,0.760638370086059,0.990575886469576,"No",FALSE,268,0.432346399390738,1.56669010562183,0.0259006357428773,0.0259006357428773,NA,"tags=36%, list=22%, signal=29%",268
"BB3_down","BB3_down","CRPCvsHSPCplus","CRPC vs HSPC+","GPHN",-0.050239307524226,15384,0.361583612610287,0.97196958734216,"No",FALSE,268,0.432346399390738,1.56669010562183,0.0259006357428773,0.0259006357428773,NA,"tags=36%, list=22%, signal=29%",268
"BB3_down","BB3_down","CRPCvsHSPCplus","CRPC vs HSPC+","PRDM1",-0.0553816148796751,15677,0.563477393584746,0.976755229736762,"No",FALSE,268,0.432346399390738,1.56669010562183,0.0259006357428773,0.0259006357428773,NA,"tags=36%, list=22%, signal=29%",268
"BB3_down","BB3_down","CRPCvsHSPCplus","CRPC vs HSPC+","IKZF4",-0.0588515375995877,15859,0.208516408322197,0.97196958734216,"No",FALSE,268,0.432346399390738,1.56669010562183,0.0259006357428773,0.0259006357428773,NA,"tags=36%, list=22%, signal=29%",268
"BB3_down","BB3_down","CRPCvsHSPCplus","CRPC vs HSPC+","TMEM63C",-0.060907720413456,15954,0.510021677707502,0.97196958734216,"No",FALSE,268,0.432346399390738,1.56669010562183,0.0259006357428773,0.0259006357428773,NA,"tags=36%, list=22%, signal=29%",268
"BB3_down","BB3_down","CRPCvsHSPCplus","CRPC vs HSPC+","BCAS3",-0.0681204615543534,16274,0.229082309652267,0.97196958734216,"No",FALSE,268,0.432346399390738,1.56669010562183,0.0259006357428773,0.0259006357428773,NA,"tags=36%, list=22%, signal=29%",268
"BB3_down","BB3_down","CRPCvsHSPCplus","CRPC vs HSPC+","IGBP1",-0.0685437143187784,16287,0.347263457795934,0.97196958734216,"No",FALSE,268,0.432346399390738,1.56669010562183,0.0259006357428773,0.0259006357428773,NA,"tags=36%, list=22%, signal=29%",268
"BB3_down","BB3_down","CRPCvsHSPCplus","CRPC vs HSPC+","PSD3",-0.0718256001479123,16407,0.460704725415382,0.97196958734216,"No",FALSE,268,0.432346399390738,1.56669010562183,0.0259006357428773,0.0259006357428773,NA,"tags=36%, list=22%, signal=29%",268
"BB3_down","BB3_down","CRPCvsHSPCplus","CRPC vs HSPC+","STEAP3",-0.0741966064796369,16493,0.529855073267009,0.973988441906037,"No",FALSE,268,0.432346399390738,1.56669010562183,0.0259006357428773,0.0259006357428773,NA,"tags=36%, list=22%, signal=29%",268
"BB3_down","BB3_down","CRPCvsHSPCplus","CRPC vs HSPC+","FADS1",-0.0747250933531478,16511,0.501486067307777,0.97196958734216,"No",FALSE,268,0.432346399390738,1.56669010562183,0.0259006357428773,0.0259006357428773,NA,"tags=36%, list=22%, signal=29%",268
"BB3_down","BB3_down","CRPCvsHSPCplus","CRPC vs HSPC+","SHC3",-0.0754522413161109,16534,0.00948179962483515,0.730139330717859,"No",FALSE,268,0.432346399390738,1.56669010562183,0.0259006357428773,0.0259006357428773,NA,"tags=36%, list=22%, signal=29%",268
"BB3_down","BB3_down","CRPCvsHSPCplus","CRPC vs HSPC+","DCHS1",-0.076466924863142,16566,0.460360416175637,0.97196958734216,"No",FALSE,268,0.432346399390738,1.56669010562183,0.0259006357428773,0.0259006357428773,NA,"tags=36%, list=22%, signal=29%",268
"BB3_down","BB3_down","CRPCvsHSPCplus","CRPC vs HSPC+","HR",-0.0799546038480101,16675,0.24389413909717,0.97196958734216,"No",FALSE,268,0.432346399390738,1.56669010562183,0.0259006357428773,0.0259006357428773,NA,"tags=36%, list=22%, signal=29%",268
"BB3_down","BB3_down","CRPCvsHSPCplus","CRPC vs HSPC+","ATP2C1",-0.0802467551185924,16686,0.402014377235495,0.97196958734216,"No",FALSE,268,0.432346399390738,1.56669010562183,0.0259006357428773,0.0259006357428773,NA,"tags=36%, list=22%, signal=29%",268
"BB3_down","BB3_down","CRPCvsHSPCplus","CRPC vs HSPC+","SPRED1",-0.0900310449977269,16943,0.272650576867037,0.97196958734216,"No",FALSE,268,0.432346399390738,1.56669010562183,0.0259006357428773,0.0259006357428773,NA,"tags=36%, list=22%, signal=29%",268
"BB3_down","BB3_down","CRPCvsHSPCplus","CRPC vs HSPC+","KCND3",-0.0934283189922742,17027,0.422019785649673,0.97196958734216,"No",FALSE,268,0.432346399390738,1.56669010562183,0.0259006357428773,0.0259006357428773,NA,"tags=36%, list=22%, signal=29%",268
"BB3_down","BB3_down","CRPCvsHSPCplus","CRPC vs HSPC+","ATP8B2",-0.0957710518993933,17077,0.430536055008391,0.97196958734216,"No",FALSE,268,0.432346399390738,1.56669010562183,0.0259006357428773,0.0259006357428773,NA,"tags=36%, list=22%, signal=29%",268
"BB3_down","BB3_down","CRPCvsHSPCplus","CRPC vs HSPC+","PCNX2",-0.108846546162874,17310,0.0735809968690741,0.97196958734216,"No",FALSE,268,0.432346399390738,1.56669010562183,0.0259006357428773,0.0259006357428773,NA,"tags=36%, list=22%, signal=29%",268
"BB3_down","BB3_down","CRPCvsHSPCplus","CRPC vs HSPC+","MON1B",-0.109440869346191,17323,0.537522895335949,0.975683920476232,"No",FALSE,268,0.432346399390738,1.56669010562183,0.0259006357428773,0.0259006357428773,NA,"tags=36%, list=22%, signal=29%",268
"BB3_down","BB3_down","CRPCvsHSPCplus","CRPC vs HSPC+","GDF11",-0.113596982176122,17411,0.42392671838904,0.97196958734216,"No",FALSE,268,0.432346399390738,1.56669010562183,0.0259006357428773,0.0259006357428773,NA,"tags=36%, list=22%, signal=29%",268
"BB3_down","BB3_down","CRPCvsHSPCplus","CRPC vs HSPC+","TNC",-0.11451478089257,17424,0.480314356339573,0.97196958734216,"No",FALSE,268,0.432346399390738,1.56669010562183,0.0259006357428773,0.0259006357428773,NA,"tags=36%, list=22%, signal=29%",268
"BB3_down","BB3_down","CRPCvsHSPCplus","CRPC vs HSPC+","DUSP4",-0.132161650304287,17646,0.284502343759587,0.97196958734216,"No",FALSE,268,0.432346399390738,1.56669010562183,0.0259006357428773,0.0259006357428773,NA,"tags=36%, list=22%, signal=29%",268
"BB3_down","BB3_down","CRPCvsHSPCplus","CRPC vs HSPC+","BTN3A2",-0.140490882884286,17725,0.179821263603332,0.97196958734216,"No",FALSE,268,0.432346399390738,1.56669010562183,0.0259006357428773,0.0259006357428773,NA,"tags=36%, list=22%, signal=29%",268
"BB3_down","BB3_down","CRPCvsHSPCplus","CRPC vs HSPC+","SMPDL3B",-0.144774006437524,17759,0.201413006596439,0.97196958734216,"No",FALSE,268,0.432346399390738,1.56669010562183,0.0259006357428773,0.0259006357428773,NA,"tags=36%, list=22%, signal=29%",268
"BB3_down","BB3_down","CRPCvsHSPCplus","CRPC vs HSPC+","HERC6",-0.150259260691088,17801,0.141833020894879,0.97196958734216,"No",FALSE,268,0.432346399390738,1.56669010562183,0.0259006357428773,0.0259006357428773,NA,"tags=36%, list=22%, signal=29%",268
"BB3_down","BB3_down","CRPCvsHSPCplus","CRPC vs HSPC+","BMP6",-0.164501065994111,17888,0.284506095757049,0.97196958734216,"No",FALSE,268,0.432346399390738,1.56669010562183,0.0259006357428773,0.0259006357428773,NA,"tags=36%, list=22%, signal=29%",268
"BB3_down","BB3_down","CRPCvsHSPCplus","CRPC vs HSPC+","ENTPD5",-0.177097655057291,17953,0.274122802027747,0.97196958734216,"No",FALSE,268,0.432346399390738,1.56669010562183,0.0259006357428773,0.0259006357428773,NA,"tags=36%, list=22%, signal=29%",268
"BB3_down","BB3_down","CRPCvsHSPCplus","CRPC vs HSPC+","IGFBP5",-0.189620568092796,18013,0.288267962774045,0.97196958734216,"No",FALSE,268,0.432346399390738,1.56669010562183,0.0259006357428773,0.0259006357428773,NA,"tags=36%, list=22%, signal=29%",268
"BB3_down","BB3_down","CRPCvsHSPCplus","CRPC vs HSPC+","CAPN5",-0.220247529028298,18107,0.159798290202396,0.97196958734216,"No",FALSE,268,0.432346399390738,1.56669010562183,0.0259006357428773,0.0259006357428773,NA,"tags=36%, list=22%, signal=29%",268
"BB3_down","BB3_down","CRPCvsHSPCplus","CRPC vs HSPC+","ABCC4",-0.236752225240211,18148,0.198534568447673,0.97196958734216,"No",FALSE,268,0.432346399390738,1.56669010562183,0.0259006357428773,0.0259006357428773,NA,"tags=36%, list=22%, signal=29%",268
