"GSEA_ID","Description","background","background_label","Gene","log2FC","rank","core_enrichment","background_pvalue","background_p.adjust","setSize","enrichmentScore","NES","GSEA_pvalue","GSEA_p.adjust","qvalue","leading_edge","matched_genes"
"Denervation_1_5x_up_Aver","Denervation_1_5x_up_Aver","CRPCvsHSPCcouple","CRPC vs HSPC couple","HSPB1",0.66876650414638,68,FALSE,0.00467622801536824,0.0525342294936848,106,-0.224001889825061,-0.935769256972937,0.623704663212435,0.623704663212435,NA,"tags=19%, list=13%, signal=17%",106
"Denervation_1_5x_up_Aver","Denervation_1_5x_up_Aver","CRPCvsHSPCcouple","CRPC vs HSPC couple","SPPL2B",0.387257603431335,678,FALSE,0.000381352135756075,0.0111277624968741,106,-0.224001889825061,-0.935769256972937,0.623704663212435,0.623704663212435,NA,"tags=19%, list=13%, signal=17%",106
"Denervation_1_5x_up_Aver","Denervation_1_5x_up_Aver","CRPCvsHSPCcouple","CRPC vs HSPC couple","TRMT112",0.379140128916421,723,FALSE,0.00157343234743218,0.0266622344068122,106,-0.224001889825061,-0.935769256972937,0.623704663212435,0.623704663212435,NA,"tags=19%, list=13%, signal=17%",106
"Denervation_1_5x_up_Aver","Denervation_1_5x_up_Aver","CRPCvsHSPCcouple","CRPC vs HSPC couple","TNFRSF4",0.332112069177345,1060,FALSE,0.0137900083021519,0.100881890931281,106,-0.224001889825061,-0.935769256972937,0.623704663212435,0.623704663212435,NA,"tags=19%, list=13%, signal=17%",106
"Denervation_1_5x_up_Aver","Denervation_1_5x_up_Aver","CRPCvsHSPCcouple","CRPC vs HSPC couple","WDR45",0.31416608514844,1198,FALSE,4.90971733907798e-05,0.00313561200580385,106,-0.224001889825061,-0.935769256972937,0.623704663212435,0.623704663212435,NA,"tags=19%, list=13%, signal=17%",106
"Denervation_1_5x_up_Aver","Denervation_1_5x_up_Aver","CRPCvsHSPCcouple","CRPC vs HSPC couple","TSPAN17",0.278908443024357,1568,FALSE,0.000424938419371736,0.0118690368603417,106,-0.224001889825061,-0.935769256972937,0.623704663212435,0.623704663212435,NA,"tags=19%, list=13%, signal=17%",106
"Denervation_1_5x_up_Aver","Denervation_1_5x_up_Aver","CRPCvsHSPCcouple","CRPC vs HSPC couple","YIF1B",0.271060450166364,1655,FALSE,0.00678402816493228,0.0661912230776251,106,-0.224001889825061,-0.935769256972937,0.623704663212435,0.623704663212435,NA,"tags=19%, list=13%, signal=17%",106
"Denervation_1_5x_up_Aver","Denervation_1_5x_up_Aver","CRPCvsHSPCcouple","CRPC vs HSPC couple","SERINC2",0.218211228098701,2363,FALSE,0.212747299869553,0.453049070496285,106,-0.224001889825061,-0.935769256972937,0.623704663212435,0.623704663212435,NA,"tags=19%, list=13%, signal=17%",106
"Denervation_1_5x_up_Aver","Denervation_1_5x_up_Aver","CRPCvsHSPCcouple","CRPC vs HSPC couple","VPS37B",0.206571487262099,2542,FALSE,0.0147243861816846,0.104435079914729,106,-0.224001889825061,-0.935769256972937,0.623704663212435,0.623704663212435,NA,"tags=19%, list=13%, signal=17%",106
"Denervation_1_5x_up_Aver","Denervation_1_5x_up_Aver","CRPCvsHSPCcouple","CRPC vs HSPC couple","BIRC5",0.196889575004372,2701,FALSE,0.190367052317396,0.427954428227633,106,-0.224001889825061,-0.935769256972937,0.623704663212435,0.623704663212435,NA,"tags=19%, list=13%, signal=17%",106
"Denervation_1_5x_up_Aver","Denervation_1_5x_up_Aver","CRPCvsHSPCcouple","CRPC vs HSPC couple","PHB2",0.175925797490324,3043,FALSE,0.145112718674434,0.371736599640285,106,-0.224001889825061,-0.935769256972937,0.623704663212435,0.623704663212435,NA,"tags=19%, list=13%, signal=17%",106
"Denervation_1_5x_up_Aver","Denervation_1_5x_up_Aver","CRPCvsHSPCcouple","CRPC vs HSPC couple","IGFBP4",0.170723917445906,3134,FALSE,0.331450948710143,0.574324531547157,106,-0.224001889825061,-0.935769256972937,0.623704663212435,0.623704663212435,NA,"tags=19%, list=13%, signal=17%",106
"Denervation_1_5x_up_Aver","Denervation_1_5x_up_Aver","CRPCvsHSPCcouple","CRPC vs HSPC couple","SREBF1",0.161768143222495,3313,FALSE,0.363561124093822,0.601864387966751,106,-0.224001889825061,-0.935769256972937,0.623704663212435,0.623704663212435,NA,"tags=19%, list=13%, signal=17%",106
"Denervation_1_5x_up_Aver","Denervation_1_5x_up_Aver","CRPCvsHSPCcouple","CRPC vs HSPC couple","CAV3",0.158404300534377,3378,FALSE,0.0661802670904233,0.245096749669954,106,-0.224001889825061,-0.935769256972937,0.623704663212435,0.623704663212435,NA,"tags=19%, list=13%, signal=17%",106
"Denervation_1_5x_up_Aver","Denervation_1_5x_up_Aver","CRPCvsHSPCcouple","CRPC vs HSPC couple","RABGGTA",0.157804303971842,3396,FALSE,0.065691185694157,0.244146671225873,106,-0.224001889825061,-0.935769256972937,0.623704663212435,0.623704663212435,NA,"tags=19%, list=13%, signal=17%",106
"Denervation_1_5x_up_Aver","Denervation_1_5x_up_Aver","CRPCvsHSPCcouple","CRPC vs HSPC couple","GATA6",0.156322177065376,3426,FALSE,0.135644702068641,0.358527793544087,106,-0.224001889825061,-0.935769256972937,0.623704663212435,0.623704663212435,NA,"tags=19%, list=13%, signal=17%",106
"Denervation_1_5x_up_Aver","Denervation_1_5x_up_Aver","CRPCvsHSPCcouple","CRPC vs HSPC couple","FAM53A",0.148541733980757,3594,FALSE,0.0054591288200975,0.0578098006705629,106,-0.224001889825061,-0.935769256972937,0.623704663212435,0.623704663212435,NA,"tags=19%, list=13%, signal=17%",106
"Denervation_1_5x_up_Aver","Denervation_1_5x_up_Aver","CRPCvsHSPCcouple","CRPC vs HSPC couple","IFITM2",0.148145139237873,3604,FALSE,0.442444032228844,0.669160882325244,106,-0.224001889825061,-0.935769256972937,0.623704663212435,0.623704663212435,NA,"tags=19%, list=13%, signal=17%",106
"Denervation_1_5x_up_Aver","Denervation_1_5x_up_Aver","CRPCvsHSPCcouple","CRPC vs HSPC couple","SSR2",0.144014803332105,3710,FALSE,0.208582150985146,0.448624767696415,106,-0.224001889825061,-0.935769256972937,0.623704663212435,0.623704663212435,NA,"tags=19%, list=13%, signal=17%",106
"Denervation_1_5x_up_Aver","Denervation_1_5x_up_Aver","CRPCvsHSPCcouple","CRPC vs HSPC couple","TRAM1L1",0.139846178566899,3789,FALSE,0.367038627751595,0.604455156984794,106,-0.224001889825061,-0.935769256972937,0.623704663212435,0.623704663212435,NA,"tags=19%, list=13%, signal=17%",106
"Denervation_1_5x_up_Aver","Denervation_1_5x_up_Aver","CRPCvsHSPCcouple","CRPC vs HSPC couple","KLK15",0.139652632700317,3796,FALSE,0.489043093545102,0.708953674695372,106,-0.224001889825061,-0.935769256972937,0.623704663212435,0.623704663212435,NA,"tags=19%, list=13%, signal=17%",106
"Denervation_1_5x_up_Aver","Denervation_1_5x_up_Aver","CRPCvsHSPCcouple","CRPC vs HSPC couple","CCT3",0.138538363563105,3822,FALSE,0.155952286233654,0.386380091228829,106,-0.224001889825061,-0.935769256972937,0.623704663212435,0.623704663212435,NA,"tags=19%, list=13%, signal=17%",106
"Denervation_1_5x_up_Aver","Denervation_1_5x_up_Aver","CRPCvsHSPCcouple","CRPC vs HSPC couple","CST3",0.135736005019517,3892,FALSE,0.301268353743501,0.546338629785817,106,-0.224001889825061,-0.935769256972937,0.623704663212435,0.623704663212435,NA,"tags=19%, list=13%, signal=17%",106
"Denervation_1_5x_up_Aver","Denervation_1_5x_up_Aver","CRPCvsHSPCcouple","CRPC vs HSPC couple","PHLDA1",0.128270855781025,4070,FALSE,0.367109621113177,0.604470114374833,106,-0.224001889825061,-0.935769256972937,0.623704663212435,0.623704663212435,NA,"tags=19%, list=13%, signal=17%",106
"Denervation_1_5x_up_Aver","Denervation_1_5x_up_Aver","CRPCvsHSPCcouple","CRPC vs HSPC couple","ZDHHC24",0.122138340144775,4208,FALSE,0.115546003439999,0.329651274171291,106,-0.224001889825061,-0.935769256972937,0.623704663212435,0.623704663212435,NA,"tags=19%, list=13%, signal=17%",106
"Denervation_1_5x_up_Aver","Denervation_1_5x_up_Aver","CRPCvsHSPCcouple","CRPC vs HSPC couple","ADPRHL1",0.113100600934659,4418,FALSE,0.256692899904355,0.501296194106908,106,-0.224001889825061,-0.935769256972937,0.623704663212435,0.623704663212435,NA,"tags=19%, list=13%, signal=17%",106
"Denervation_1_5x_up_Aver","Denervation_1_5x_up_Aver","CRPCvsHSPCcouple","CRPC vs HSPC couple","COQ10B",0.112338252232711,4435,FALSE,0.177483576128383,0.412795070682094,106,-0.224001889825061,-0.935769256972937,0.623704663212435,0.623704663212435,NA,"tags=19%, list=13%, signal=17%",106
"Denervation_1_5x_up_Aver","Denervation_1_5x_up_Aver","CRPCvsHSPCcouple","CRPC vs HSPC couple","MAOA",0.106381860492687,4577,FALSE,0.629565825151944,0.809593729535415,106,-0.224001889825061,-0.935769256972937,0.623704663212435,0.623704663212435,NA,"tags=19%, list=13%, signal=17%",106
"Denervation_1_5x_up_Aver","Denervation_1_5x_up_Aver","CRPCvsHSPCcouple","CRPC vs HSPC couple","TFRC",0.096289376229227,4812,FALSE,0.558142407997771,0.758543811241372,106,-0.224001889825061,-0.935769256972937,0.623704663212435,0.623704663212435,NA,"tags=19%, list=13%, signal=17%",106
"Denervation_1_5x_up_Aver","Denervation_1_5x_up_Aver","CRPCvsHSPCcouple","CRPC vs HSPC couple","GABBR1",0.0960016450306398,4819,FALSE,0.579926642238222,0.774153754294475,106,-0.224001889825061,-0.935769256972937,0.623704663212435,0.623704663212435,NA,"tags=19%, list=13%, signal=17%",106
"Denervation_1_5x_up_Aver","Denervation_1_5x_up_Aver","CRPCvsHSPCcouple","CRPC vs HSPC couple","B2M",0.0949648472607372,4850,FALSE,0.508596577566797,0.723561813272015,106,-0.224001889825061,-0.935769256972937,0.623704663212435,0.623704663212435,NA,"tags=19%, list=13%, signal=17%",106
"Denervation_1_5x_up_Aver","Denervation_1_5x_up_Aver","CRPCvsHSPCcouple","CRPC vs HSPC couple","FBP1",0.0919370840067337,4937,FALSE,0.680421225316554,0.839842390725171,106,-0.224001889825061,-0.935769256972937,0.623704663212435,0.623704663212435,NA,"tags=19%, list=13%, signal=17%",106
"Denervation_1_5x_up_Aver","Denervation_1_5x_up_Aver","CRPCvsHSPCcouple","CRPC vs HSPC couple","ACSL1",0.0849630382139441,5121,FALSE,0.607011147613303,0.793583211649526,106,-0.224001889825061,-0.935769256972937,0.623704663212435,0.623704663212435,NA,"tags=19%, list=13%, signal=17%",106
"Denervation_1_5x_up_Aver","Denervation_1_5x_up_Aver","CRPCvsHSPCcouple","CRPC vs HSPC couple","NPHP1",0.0796181425651662,5281,FALSE,0.190397199222969,0.427954428227633,106,-0.224001889825061,-0.935769256972937,0.623704663212435,0.623704663212435,NA,"tags=19%, list=13%, signal=17%",106
"Denervation_1_5x_up_Aver","Denervation_1_5x_up_Aver","CRPCvsHSPCcouple","CRPC vs HSPC couple","TYROBP",0.0758671805028071,5381,FALSE,0.653469312170386,0.823983275597715,106,-0.224001889825061,-0.935769256972937,0.623704663212435,0.623704663212435,NA,"tags=19%, list=13%, signal=17%",106
"Denervation_1_5x_up_Aver","Denervation_1_5x_up_Aver","CRPCvsHSPCcouple","CRPC vs HSPC couple","CORT",0.074132618877691,5442,FALSE,0.150928458921226,0.379759668105527,106,-0.224001889825061,-0.935769256972937,0.623704663212435,0.623704663212435,NA,"tags=19%, list=13%, signal=17%",106
"Denervation_1_5x_up_Aver","Denervation_1_5x_up_Aver","CRPCvsHSPCcouple","CRPC vs HSPC couple","CRYZ",0.0694983726070397,5565,FALSE,0.587984852457332,0.779979507666118,106,-0.224001889825061,-0.935769256972937,0.623704663212435,0.623704663212435,NA,"tags=19%, list=13%, signal=17%",106
"Denervation_1_5x_up_Aver","Denervation_1_5x_up_Aver","CRPCvsHSPCcouple","CRPC vs HSPC couple","VEGFA",0.0635934403408482,5734,FALSE,0.788572704091952,0.900303599102981,106,-0.224001889825061,-0.935769256972937,0.623704663212435,0.623704663212435,NA,"tags=19%, list=13%, signal=17%",106
"Denervation_1_5x_up_Aver","Denervation_1_5x_up_Aver","CRPCvsHSPCcouple","CRPC vs HSPC couple","CSE1L",0.0621796871211142,5781,FALSE,0.481937981265522,0.703315722719761,106,-0.224001889825061,-0.935769256972937,0.623704663212435,0.623704663212435,NA,"tags=19%, list=13%, signal=17%",106
"Denervation_1_5x_up_Aver","Denervation_1_5x_up_Aver","CRPCvsHSPCcouple","CRPC vs HSPC couple","PDK3",0.051967098412633,6124,FALSE,0.705614084141637,0.854341404197949,106,-0.224001889825061,-0.935769256972937,0.623704663212435,0.623704663212435,NA,"tags=19%, list=13%, signal=17%",106
"Denervation_1_5x_up_Aver","Denervation_1_5x_up_Aver","CRPCvsHSPCcouple","CRPC vs HSPC couple","TUBA1C",0.0515240401112687,6135,FALSE,0.73402044915852,0.87009159526652,106,-0.224001889825061,-0.935769256972937,0.623704663212435,0.623704663212435,NA,"tags=19%, list=13%, signal=17%",106
"Denervation_1_5x_up_Aver","Denervation_1_5x_up_Aver","CRPCvsHSPCcouple","CRPC vs HSPC couple","PSEN2",0.0398325128441581,6538,FALSE,0.7235887385838,0.864416682212431,106,-0.224001889825061,-0.935769256972937,0.623704663212435,0.623704663212435,NA,"tags=19%, list=13%, signal=17%",106
"Denervation_1_5x_up_Aver","Denervation_1_5x_up_Aver","CRPCvsHSPCcouple","CRPC vs HSPC couple","SMARCB1",0.0260247325452259,7090,FALSE,0.698775134918701,0.850643043922935,106,-0.224001889825061,-0.935769256972937,0.623704663212435,0.623704663212435,NA,"tags=19%, list=13%, signal=17%",106
"Denervation_1_5x_up_Aver","Denervation_1_5x_up_Aver","CRPCvsHSPCcouple","CRPC vs HSPC couple","KIF27",0.0201311516964472,7359,FALSE,0.766931304759445,0.888535177525261,106,-0.224001889825061,-0.935769256972937,0.623704663212435,0.623704663212435,NA,"tags=19%, list=13%, signal=17%",106
"Denervation_1_5x_up_Aver","Denervation_1_5x_up_Aver","CRPCvsHSPCcouple","CRPC vs HSPC couple","SEL1L2",0.0190917768599334,7411,FALSE,0.14318734739323,0.369461480160022,106,-0.224001889825061,-0.935769256972937,0.623704663212435,0.623704663212435,NA,"tags=19%, list=13%, signal=17%",106
"Denervation_1_5x_up_Aver","Denervation_1_5x_up_Aver","CRPCvsHSPCcouple","CRPC vs HSPC couple","CES5A",0.0154746921148653,7576,FALSE,0.609275021066496,0.794519332511542,106,-0.224001889825061,-0.935769256972937,0.623704663212435,0.623704663212435,NA,"tags=19%, list=13%, signal=17%",106
"Denervation_1_5x_up_Aver","Denervation_1_5x_up_Aver","CRPCvsHSPCcouple","CRPC vs HSPC couple","HDAC1",0.0140454471820499,7648,FALSE,0.898528136718218,0.952329924534079,106,-0.224001889825061,-0.935769256972937,0.623704663212435,0.623704663212435,NA,"tags=19%, list=13%, signal=17%",106
"Denervation_1_5x_up_Aver","Denervation_1_5x_up_Aver","CRPCvsHSPCcouple","CRPC vs HSPC couple","SYT5",0.0127619569626795,7703,FALSE,0.780964761861345,0.896216595779656,106,-0.224001889825061,-0.935769256972937,0.623704663212435,0.623704663212435,NA,"tags=19%, list=13%, signal=17%",106
"Denervation_1_5x_up_Aver","Denervation_1_5x_up_Aver","CRPCvsHSPCcouple","CRPC vs HSPC couple","SENP2",0.00704884581268272,8015,FALSE,0.923198894655094,0.965647858947813,106,-0.224001889825061,-0.935769256972937,0.623704663212435,0.623704663212435,NA,"tags=19%, list=13%, signal=17%",106
"Denervation_1_5x_up_Aver","Denervation_1_5x_up_Aver","CRPCvsHSPCcouple","CRPC vs HSPC couple","LEP",0.0064928238250637,8052,FALSE,0.811301668181757,0.910694867200997,106,-0.224001889825061,-0.935769256972937,0.623704663212435,0.623704663212435,NA,"tags=19%, list=13%, signal=17%",106
"Denervation_1_5x_up_Aver","Denervation_1_5x_up_Aver","CRPCvsHSPCcouple","CRPC vs HSPC couple","ADAMTS14",0.00348754056066894,8234,FALSE,0.959445251566747,0.982850292192113,106,-0.224001889825061,-0.935769256972937,0.623704663212435,0.623704663212435,NA,"tags=19%, list=13%, signal=17%",106
"Denervation_1_5x_up_Aver","Denervation_1_5x_up_Aver","CRPCvsHSPCcouple","CRPC vs HSPC couple","INSIG1",0.0030293631410947,8263,FALSE,0.984702811555655,0.993568617912458,106,-0.224001889825061,-0.935769256972937,0.623704663212435,0.623704663212435,NA,"tags=19%, list=13%, signal=17%",106
"Denervation_1_5x_up_Aver","Denervation_1_5x_up_Aver","CRPCvsHSPCcouple","CRPC vs HSPC couple","NR6A1",0.00276103945368522,8286,FALSE,0.966038545973666,0.985845034597819,106,-0.224001889825061,-0.935769256972937,0.623704663212435,0.623704663212435,NA,"tags=19%, list=13%, signal=17%",106
"Denervation_1_5x_up_Aver","Denervation_1_5x_up_Aver","CRPCvsHSPCcouple","CRPC vs HSPC couple","GSX1",0.000118496010966186,8485,FALSE,0.984679202573098,0.993568617912458,106,-0.224001889825061,-0.935769256972937,0.623704663212435,0.623704663212435,NA,"tags=19%, list=13%, signal=17%",106
"Denervation_1_5x_up_Aver","Denervation_1_5x_up_Aver","CRPCvsHSPCcouple","CRPC vs HSPC couple","SYT15",-0.00497035590866474,8922,FALSE,0.800060111377083,0.905919463147769,106,-0.224001889825061,-0.935769256972937,0.623704663212435,0.623704663212435,NA,"tags=19%, list=13%, signal=17%",106
"Denervation_1_5x_up_Aver","Denervation_1_5x_up_Aver","CRPCvsHSPCcouple","CRPC vs HSPC couple","TAAR9",-0.00752840950464144,9176,FALSE,0.280024330563027,0.526721371805095,106,-0.224001889825061,-0.935769256972937,0.623704663212435,0.623704663212435,NA,"tags=19%, list=13%, signal=17%",106
"Denervation_1_5x_up_Aver","Denervation_1_5x_up_Aver","CRPCvsHSPCcouple","CRPC vs HSPC couple","REG3A",-0.00941030408784036,9359,FALSE,0.33038551376489,0.573465619530906,106,-0.224001889825061,-0.935769256972937,0.623704663212435,0.623704663212435,NA,"tags=19%, list=13%, signal=17%",106
"Denervation_1_5x_up_Aver","Denervation_1_5x_up_Aver","CRPCvsHSPCcouple","CRPC vs HSPC couple","PRRG3",-0.00998441392327892,9407,FALSE,0.69283776205847,0.848318635225348,106,-0.224001889825061,-0.935769256972937,0.623704663212435,0.623704663212435,NA,"tags=19%, list=13%, signal=17%",106
"Denervation_1_5x_up_Aver","Denervation_1_5x_up_Aver","CRPCvsHSPCcouple","CRPC vs HSPC couple","DENND6A",-0.0130613365807934,9690,FALSE,0.835439639952167,0.922392015896418,106,-0.224001889825061,-0.935769256972937,0.623704663212435,0.623704663212435,NA,"tags=19%, list=13%, signal=17%",106
"Denervation_1_5x_up_Aver","Denervation_1_5x_up_Aver","CRPCvsHSPCcouple","CRPC vs HSPC couple","TUBAL3",-0.0139238893806345,9766,FALSE,0.573736855953769,0.769799600148493,106,-0.224001889825061,-0.935769256972937,0.623704663212435,0.623704663212435,NA,"tags=19%, list=13%, signal=17%",106
"Denervation_1_5x_up_Aver","Denervation_1_5x_up_Aver","CRPCvsHSPCcouple","CRPC vs HSPC couple","HTR1A",-0.0141581841647648,9785,FALSE,0.152505697032541,0.381828613993067,106,-0.224001889825061,-0.935769256972937,0.623704663212435,0.623704663212435,NA,"tags=19%, list=13%, signal=17%",106
"Denervation_1_5x_up_Aver","Denervation_1_5x_up_Aver","CRPCvsHSPCcouple","CRPC vs HSPC couple","HTR2A",-0.0175198472700824,10047,FALSE,0.514092179359839,0.726851535632057,106,-0.224001889825061,-0.935769256972937,0.623704663212435,0.623704663212435,NA,"tags=19%, list=13%, signal=17%",106
"Denervation_1_5x_up_Aver","Denervation_1_5x_up_Aver","CRPCvsHSPCcouple","CRPC vs HSPC couple","CDC25C",-0.0176601670370123,10060,FALSE,0.830797036240518,0.920241857844238,106,-0.224001889825061,-0.935769256972937,0.623704663212435,0.623704663212435,NA,"tags=19%, list=13%, signal=17%",106
"Denervation_1_5x_up_Aver","Denervation_1_5x_up_Aver","CRPCvsHSPCcouple","CRPC vs HSPC couple","OTOG",-0.0193126962839247,10189,FALSE,0.00989640909101021,0.0827736743889576,106,-0.224001889825061,-0.935769256972937,0.623704663212435,0.623704663212435,NA,"tags=19%, list=13%, signal=17%",106
"Denervation_1_5x_up_Aver","Denervation_1_5x_up_Aver","CRPCvsHSPCcouple","CRPC vs HSPC couple","KIF6",-0.0256411519294104,10685,FALSE,0.122497247184299,0.339663163247814,106,-0.224001889825061,-0.935769256972937,0.623704663212435,0.623704663212435,NA,"tags=19%, list=13%, signal=17%",106
"Denervation_1_5x_up_Aver","Denervation_1_5x_up_Aver","CRPCvsHSPCcouple","CRPC vs HSPC couple","RNF217",-0.0267693442776644,10759,FALSE,0.703990965553584,0.853451218991725,106,-0.224001889825061,-0.935769256972937,0.623704663212435,0.623704663212435,NA,"tags=19%, list=13%, signal=17%",106
"Denervation_1_5x_up_Aver","Denervation_1_5x_up_Aver","CRPCvsHSPCcouple","CRPC vs HSPC couple","LAPTM5",-0.0274463582793101,10811,FALSE,0.876827687852827,0.941900110203328,106,-0.224001889825061,-0.935769256972937,0.623704663212435,0.623704663212435,NA,"tags=19%, list=13%, signal=17%",106
"Denervation_1_5x_up_Aver","Denervation_1_5x_up_Aver","CRPCvsHSPCcouple","CRPC vs HSPC couple","GLT6D1",-0.0330154582120854,11196,FALSE,0.156720009839957,0.38707469169098,106,-0.224001889825061,-0.935769256972937,0.623704663212435,0.623704663212435,NA,"tags=19%, list=13%, signal=17%",106
"Denervation_1_5x_up_Aver","Denervation_1_5x_up_Aver","CRPCvsHSPCcouple","CRPC vs HSPC couple","FASLG",-0.0332770039716948,11212,FALSE,0.594822515059938,0.784861519979766,106,-0.224001889825061,-0.935769256972937,0.623704663212435,0.623704663212435,NA,"tags=19%, list=13%, signal=17%",106
"Denervation_1_5x_up_Aver","Denervation_1_5x_up_Aver","CRPCvsHSPCcouple","CRPC vs HSPC couple","CDH22",-0.0363284823009691,11416,FALSE,0.696971284386953,0.850020338634713,106,-0.224001889825061,-0.935769256972937,0.623704663212435,0.623704663212435,NA,"tags=19%, list=13%, signal=17%",106
"Denervation_1_5x_up_Aver","Denervation_1_5x_up_Aver","CRPCvsHSPCcouple","CRPC vs HSPC couple","EDNRB",-0.0420290460315251,11773,FALSE,0.821935954081242,0.916391529255593,106,-0.224001889825061,-0.935769256972937,0.623704663212435,0.623704663212435,NA,"tags=19%, list=13%, signal=17%",106
"Denervation_1_5x_up_Aver","Denervation_1_5x_up_Aver","CRPCvsHSPCcouple","CRPC vs HSPC couple","SLC28A2",-0.0440402845434716,11890,FALSE,0.258581005109322,0.502933631770449,106,-0.224001889825061,-0.935769256972937,0.623704663212435,0.623704663212435,NA,"tags=19%, list=13%, signal=17%",106
"Denervation_1_5x_up_Aver","Denervation_1_5x_up_Aver","CRPCvsHSPCcouple","CRPC vs HSPC couple","AXL",-0.051403600639198,12314,FALSE,0.700891294812184,0.851671740992095,106,-0.224001889825061,-0.935769256972937,0.623704663212435,0.623704663212435,NA,"tags=19%, list=13%, signal=17%",106
"Denervation_1_5x_up_Aver","Denervation_1_5x_up_Aver","CRPCvsHSPCcouple","CRPC vs HSPC couple","MRGPRF",-0.0555673788485977,12549,FALSE,0.689780027587198,0.846082556313536,106,-0.224001889825061,-0.935769256972937,0.623704663212435,0.623704663212435,NA,"tags=19%, list=13%, signal=17%",106
"Denervation_1_5x_up_Aver","Denervation_1_5x_up_Aver","CRPCvsHSPCcouple","CRPC vs HSPC couple","VPS54",-0.056870008675741,12612,FALSE,0.467529894652691,0.690577228561552,106,-0.224001889825061,-0.935769256972937,0.623704663212435,0.623704663212435,NA,"tags=19%, list=13%, signal=17%",106
"Denervation_1_5x_up_Aver","Denervation_1_5x_up_Aver","CRPCvsHSPCcouple","CRPC vs HSPC couple","CPAMD8",-0.0613477611505506,12829,FALSE,0.715660644158801,0.86012059917421,106,-0.224001889825061,-0.935769256972937,0.623704663212435,0.623704663212435,NA,"tags=19%, list=13%, signal=17%",106
"Denervation_1_5x_up_Aver","Denervation_1_5x_up_Aver","CRPCvsHSPCcouple","CRPC vs HSPC couple","TMEM161B",-0.0664426562172951,13058,FALSE,0.378110040994426,0.614198277700038,106,-0.224001889825061,-0.935769256972937,0.623704663212435,0.623704663212435,NA,"tags=19%, list=13%, signal=17%",106
"Denervation_1_5x_up_Aver","Denervation_1_5x_up_Aver","CRPCvsHSPCcouple","CRPC vs HSPC couple","MYO15A",-0.0738003969546147,13389,FALSE,0.3524689443942,0.591398016648191,106,-0.224001889825061,-0.935769256972937,0.623704663212435,0.623704663212435,NA,"tags=19%, list=13%, signal=17%",106
"Denervation_1_5x_up_Aver","Denervation_1_5x_up_Aver","CRPCvsHSPCcouple","CRPC vs HSPC couple","COL3A1",-0.0842507670724721,13813,FALSE,0.725890096069022,0.865048209135744,106,-0.224001889825061,-0.935769256972937,0.623704663212435,0.623704663212435,NA,"tags=19%, list=13%, signal=17%",106
"Denervation_1_5x_up_Aver","Denervation_1_5x_up_Aver","CRPCvsHSPCcouple","CRPC vs HSPC couple","SLC13A5",-0.084956920462449,13834,FALSE,0.487879739856907,0.707739182708188,106,-0.224001889825061,-0.935769256972937,0.623704663212435,0.623704663212435,NA,"tags=19%, list=13%, signal=17%",106
"Denervation_1_5x_up_Aver","Denervation_1_5x_up_Aver","CRPCvsHSPCcouple","CRPC vs HSPC couple","EPS8L3",-0.0951570710340405,14226,FALSE,0.0544432818880075,0.219830996960264,106,-0.224001889825061,-0.935769256972937,0.623704663212435,0.623704663212435,NA,"tags=19%, list=13%, signal=17%",106
"Denervation_1_5x_up_Aver","Denervation_1_5x_up_Aver","CRPCvsHSPCcouple","CRPC vs HSPC couple","DCSTAMP",-0.100875525049961,14430,FALSE,0.00849843190243889,0.075558849944932,106,-0.224001889825061,-0.935769256972937,0.623704663212435,0.623704663212435,NA,"tags=19%, list=13%, signal=17%",106
"Denervation_1_5x_up_Aver","Denervation_1_5x_up_Aver","CRPCvsHSPCcouple","CRPC vs HSPC couple","SLC1A2",-0.121126340796884,15103,FALSE,0.279725222216141,0.526522921942396,106,-0.224001889825061,-0.935769256972937,0.623704663212435,0.623704663212435,NA,"tags=19%, list=13%, signal=17%",106
"Denervation_1_5x_up_Aver","Denervation_1_5x_up_Aver","CRPCvsHSPCcouple","CRPC vs HSPC couple","UBA6",-0.126177963780321,15270,FALSE,0.0997883831468269,0.305306528374277,106,-0.224001889825061,-0.935769256972937,0.623704663212435,0.623704663212435,NA,"tags=19%, list=13%, signal=17%",106
"Denervation_1_5x_up_Aver","Denervation_1_5x_up_Aver","CRPCvsHSPCcouple","CRPC vs HSPC couple","FBXL17",-0.128178034142112,15341,FALSE,0.124605316183908,0.342229034841596,106,-0.224001889825061,-0.935769256972937,0.623704663212435,0.623704663212435,NA,"tags=19%, list=13%, signal=17%",106
"Denervation_1_5x_up_Aver","Denervation_1_5x_up_Aver","CRPCvsHSPCcouple","CRPC vs HSPC couple","PATL1",-0.132646358322825,15451,FALSE,0.107969077659006,0.318309818335265,106,-0.224001889825061,-0.935769256972937,0.623704663212435,0.623704663212435,NA,"tags=19%, list=13%, signal=17%",106
"Denervation_1_5x_up_Aver","Denervation_1_5x_up_Aver","CRPCvsHSPCcouple","CRPC vs HSPC couple","RSPO3",-0.15476465268412,15974,TRUE,0.194086833051132,0.432627721701651,106,-0.224001889825061,-0.935769256972937,0.623704663212435,0.623704663212435,NA,"tags=19%, list=13%, signal=17%",106
"Denervation_1_5x_up_Aver","Denervation_1_5x_up_Aver","CRPCvsHSPCcouple","CRPC vs HSPC couple","EYA4",-0.16312273405351,16157,TRUE,0.028928380007099,0.153570101014146,106,-0.224001889825061,-0.935769256972937,0.623704663212435,0.623704663212435,NA,"tags=19%, list=13%, signal=17%",106
"Denervation_1_5x_up_Aver","Denervation_1_5x_up_Aver","CRPCvsHSPCcouple","CRPC vs HSPC couple","HBS1L",-0.165615516591668,16211,TRUE,0.0148191086704659,0.104841463239117,106,-0.224001889825061,-0.935769256972937,0.623704663212435,0.623704663212435,NA,"tags=19%, list=13%, signal=17%",106
"Denervation_1_5x_up_Aver","Denervation_1_5x_up_Aver","CRPCvsHSPCcouple","CRPC vs HSPC couple","LPIN2",-0.175173190370378,16370,TRUE,0.0701767134978666,0.254197506536889,106,-0.224001889825061,-0.935769256972937,0.623704663212435,0.623704663212435,NA,"tags=19%, list=13%, signal=17%",106
"Denervation_1_5x_up_Aver","Denervation_1_5x_up_Aver","CRPCvsHSPCcouple","CRPC vs HSPC couple","SLC6A6",-0.179094935968245,16442,TRUE,0.231410097956633,0.475229708754786,106,-0.224001889825061,-0.935769256972937,0.623704663212435,0.623704663212435,NA,"tags=19%, list=13%, signal=17%",106
"Denervation_1_5x_up_Aver","Denervation_1_5x_up_Aver","CRPCvsHSPCcouple","CRPC vs HSPC couple","SGK1",-0.189413776507983,16637,TRUE,0.411607283316118,0.64313144666621,106,-0.224001889825061,-0.935769256972937,0.623704663212435,0.623704663212435,NA,"tags=19%, list=13%, signal=17%",106
"Denervation_1_5x_up_Aver","Denervation_1_5x_up_Aver","CRPCvsHSPCcouple","CRPC vs HSPC couple","PLXNC1",-0.192293941746105,16686,TRUE,0.168416432158497,0.401103690061123,106,-0.224001889825061,-0.935769256972937,0.623704663212435,0.623704663212435,NA,"tags=19%, list=13%, signal=17%",106
"Denervation_1_5x_up_Aver","Denervation_1_5x_up_Aver","CRPCvsHSPCcouple","CRPC vs HSPC couple","ANXA3",-0.200477847664207,16785,TRUE,0.323052099803585,0.566589503500278,106,-0.224001889825061,-0.935769256972937,0.623704663212435,0.623704663212435,NA,"tags=19%, list=13%, signal=17%",106
"Denervation_1_5x_up_Aver","Denervation_1_5x_up_Aver","CRPCvsHSPCcouple","CRPC vs HSPC couple","NHS",-0.214322762129543,16977,TRUE,0.0140312516082317,0.101871571195377,106,-0.224001889825061,-0.935769256972937,0.623704663212435,0.623704663212435,NA,"tags=19%, list=13%, signal=17%",106
"Denervation_1_5x_up_Aver","Denervation_1_5x_up_Aver","CRPCvsHSPCcouple","CRPC vs HSPC couple","BTN3A2",-0.216355107029541,16999,TRUE,0.111158324102773,0.323295101913088,106,-0.224001889825061,-0.935769256972937,0.623704663212435,0.623704663212435,NA,"tags=19%, list=13%, signal=17%",106
"Denervation_1_5x_up_Aver","Denervation_1_5x_up_Aver","CRPCvsHSPCcouple","CRPC vs HSPC couple","CFAP97",-0.217881660357357,17013,TRUE,0.0190448652059187,0.120837982881736,106,-0.224001889825061,-0.935769256972937,0.623704663212435,0.623704663212435,NA,"tags=19%, list=13%, signal=17%",106
"Denervation_1_5x_up_Aver","Denervation_1_5x_up_Aver","CRPCvsHSPCcouple","CRPC vs HSPC couple","PBRM1",-0.225759732678386,17114,TRUE,0.00950662469839085,0.0810513520709925,106,-0.224001889825061,-0.935769256972937,0.623704663212435,0.623704663212435,NA,"tags=19%, list=13%, signal=17%",106
"Denervation_1_5x_up_Aver","Denervation_1_5x_up_Aver","CRPCvsHSPCcouple","CRPC vs HSPC couple","EGFR",-0.262754095511366,17518,TRUE,0.0564145634943368,0.224319728200054,106,-0.224001889825061,-0.935769256972937,0.623704663212435,0.623704663212435,NA,"tags=19%, list=13%, signal=17%",106
"Denervation_1_5x_up_Aver","Denervation_1_5x_up_Aver","CRPCvsHSPCcouple","CRPC vs HSPC couple","COLEC12",-0.26355435769199,17527,TRUE,0.186223766930922,0.423313781797803,106,-0.224001889825061,-0.935769256972937,0.623704663212435,0.623704663212435,NA,"tags=19%, list=13%, signal=17%",106
"Denervation_1_5x_up_Aver","Denervation_1_5x_up_Aver","CRPCvsHSPCcouple","CRPC vs HSPC couple","CFTR",-0.266893357772339,17555,TRUE,0.0369643792874555,0.1771083418914,106,-0.224001889825061,-0.935769256972937,0.623704663212435,0.623704663212435,NA,"tags=19%, list=13%, signal=17%",106
"Denervation_1_5x_up_Aver","Denervation_1_5x_up_Aver","CRPCvsHSPCcouple","CRPC vs HSPC couple","ANO7",-0.268185666897168,17566,TRUE,0.237135641162705,0.481092487463253,106,-0.224001889825061,-0.935769256972937,0.623704663212435,0.623704663212435,NA,"tags=19%, list=13%, signal=17%",106
"Denervation_1_5x_up_Aver","Denervation_1_5x_up_Aver","CRPCvsHSPCcouple","CRPC vs HSPC couple","EDNRA",-0.270164045865285,17576,TRUE,0.0952765128516957,0.298451068297131,106,-0.224001889825061,-0.935769256972937,0.623704663212435,0.623704663212435,NA,"tags=19%, list=13%, signal=17%",106
"Denervation_1_5x_up_Aver","Denervation_1_5x_up_Aver","CRPCvsHSPCcouple","CRPC vs HSPC couple","SYNE1",-0.304420253612895,17807,TRUE,0.0194858909604887,0.122783118716082,106,-0.224001889825061,-0.935769256972937,0.623704663212435,0.623704663212435,NA,"tags=19%, list=13%, signal=17%",106
"Denervation_1_5x_up_Aver","Denervation_1_5x_up_Aver","CRPCvsHSPCcouple","CRPC vs HSPC couple","TSPAN11",-0.326710944739655,17907,TRUE,0.00116923453096123,0.0219198877858134,106,-0.224001889825061,-0.935769256972937,0.623704663212435,0.623704663212435,NA,"tags=19%, list=13%, signal=17%",106
"Denervation_1_5x_up_Aver","Denervation_1_5x_up_Aver","CRPCvsHSPCcouple","CRPC vs HSPC couple","FNDC3B",-0.362391589383306,18002,TRUE,0.000719180287869273,0.0163602320280299,106,-0.224001889825061,-0.935769256972937,0.623704663212435,0.623704663212435,NA,"tags=19%, list=13%, signal=17%",106
