"Gene","log2FC","rank","background_pvalue","background_p.adjust","是否为core gene"
"PSCA",0.631998144473747,25,0.0899576077339655,0.961953958507263,"Yes"
"TUBA3D",0.457674968772285,46,0.00267153706818793,0.387436482912683,"Yes"
"TNNC2",0.416374838016864,53,0.0186265033131963,0.843403251480126,"Yes"
"LRRC26",0.3796085078114,66,0.147769539530024,0.961953958507263,"Yes"
"METRN",0.324596620909708,93,0.010027151373907,0.701123973008511,"Yes"
"CITED4",0.321376128368636,96,0.0203264818499628,0.843403251480126,"Yes"
"BHLHA15",0.31867118576884,98,0.0776107552702186,0.961953958507263,"Yes"
"GRIN3A",0.317178860548328,101,0.140492291149157,0.961953958507263,"Yes"
"LPP",0.285731462133312,128,0.00225168023558161,0.33451181255921,"Yes"
"EHF",0.281614581775816,133,0.018685687975865,0.843403251480126,"Yes"
"SLC2A12",0.276613002652791,138,0.0879478126577648,0.961953958507263,"Yes"
"DLG5",0.275100625288611,143,0.0166003309579691,0.834475471687762,"Yes"
"CLDN7",0.266668691516409,157,0.094823535172193,0.961953958507263,"Yes"
"ABHD2",0.257857932481312,168,0.0901641593462238,0.961953958507263,"Yes"
"CTXN1",0.257357311903919,170,0.109527441977818,0.961953958507263,"Yes"
"CERS6",0.256754319596969,172,0.0200312702993078,0.843403251480126,"Yes"
"CEBPB",0.25253669387149,181,0.0346664190230413,0.910142923574761,"Yes"
"SREBF1",0.246910081907367,190,0.0549545923700655,0.961137546427122,"Yes"
"TUBA4A",0.244303814236233,194,0.073385884135994,0.961953958507263,"Yes"
"NRP1",0.241627112162489,202,0.0698660970898115,0.961953958507263,"Yes"
"CLIP1",0.238074621888043,208,0.00436956335710982,0.469676654261575,"Yes"
"TBX1",0.236995487369403,209,0.145651308824898,0.961953958507263,"Yes"
"SEC24C",0.225732686664206,235,0.0544813465609865,0.961137546427122,"Yes"
"BCL9L",0.223491999931263,238,0.0258978478737333,0.845493436023088,"Yes"
"PITX1",0.218833070953868,255,0.0746886669021704,0.961953958507263,"Yes"
"PHGR1",0.213701846333916,269,0.355629064396891,0.961953958507263,"Yes"
"PLXNB3",0.211871040731992,277,0.0668616336218374,0.961953958507263,"Yes"
"VCL",0.204463923992291,307,0.0705849280351299,0.961953958507263,"Yes"
"BTG1",0.204190564061551,310,0.0415607418220989,0.950487403398265,"Yes"
"ACO2",0.203500992206617,312,0.013359676729978,0.768631951687148,"Yes"
"MCRIP2",0.201896400647576,319,0.0903959257654627,0.961953958507263,"Yes"
"HAGHL",0.197498475574919,341,0.126001136672359,0.961953958507263,"Yes"
"HIPK2",0.193838953252508,349,0.0892219116523702,0.961953958507263,"Yes"
"SRXN1",0.191134159792371,357,2.94954756066467e-09,1.25342052502385e-06,"Yes"
"COMTD1",0.190924946490995,360,0.193701245464687,0.961953958507263,"Yes"
"ALDH4A1",0.190846360427928,362,0.0982778391600495,0.961953958507263,"Yes"
"PRR7",0.190499719152833,364,0.142073875366832,0.961953958507263,"Yes"
"MTUS1",0.189205397829954,372,0.0482184206968881,0.958910750271067,"Yes"
"TBC1D14",0.188114659722304,377,0.0700695382504376,0.961953958507263,"Yes"
"CYP51A1",0.187891826198081,378,0.0172449487965222,0.834475471687762,"Yes"
"CSNK1A1",0.184786561741568,393,0.0170551358104024,0.834475471687762,"Yes"
"MT1X",0.184311696025455,395,0.320913581045663,0.961953958507263,"Yes"
"USP34",0.183920764346962,396,0.0807449262685501,0.961953958507263,"Yes"
"TUBA3E",0.183571864035222,400,0.00377846979655154,0.451267833937165,"Yes"
"ADAM9",0.182516117620072,404,0.125531807318559,0.961953958507263,"Yes"
"ALDOA",0.181561035677228,406,0.0497419261984228,0.958910750271067,"Yes"
"APRT",0.180294189699523,415,0.105696197059599,0.961953958507263,"Yes"
"GRHL2",0.179544468441487,422,0.0955299431090035,0.961953958507263,"Yes"
"CLDN4",0.179530275572455,423,0.183790094903172,0.961953958507263,"Yes"
"TMEM52",0.179165429651992,426,0.086911575766709,0.961953958507263,"Yes"
"CHCHD10",0.175697416173234,447,0.200071054604002,0.961953958507263,"Yes"
"DCXR",0.171034228170926,472,0.204387165808525,0.961953958507263,"Yes"
"FZD9",0.169268194198839,482,0.122875626848427,0.961953958507263,"Yes"
"RAC3",0.167131672430798,493,0.203749984048924,0.961953958507263,"Yes"
"NME3",0.165724910009343,505,0.192385987692771,0.961953958507263,"Yes"
"TMEM120A",0.165330386531154,510,0.0432088255382554,0.954822705704888,"Yes"
"IRS1",0.165057019515684,514,0.150547284267814,0.961953958507263,"Yes"
"ZNF770",0.164842341459041,515,0.142976279324987,0.961953958507263,"Yes"
"LPCAT3",0.164377888909589,521,0.148671690393151,0.961953958507263,"Yes"
"GNB2",0.163440500384616,525,0.0467530572448983,0.95668377943564,"Yes"
"ZMIZ1",0.159183475885506,562,0.138195188388203,0.961953958507263,"Yes"
"MID2",0.159030830565501,564,0.0475225023982526,0.958910750271067,"Yes"
"HEATR1",0.158523688057211,569,0.0487677524508796,0.958910750271067,"Yes"
"ATP9A",0.154810743764766,598,0.0922887278202515,0.961953958507263,"Yes"
"GADD45G",0.15320413770154,617,0.36265820097676,0.961953958507263,"Yes"
"AFF4",0.151046225421599,636,0.0879106892749387,0.961953958507263,"Yes"
"SPG11",0.150662125505167,640,0.0622022376866013,0.961953958507263,"Yes"
"CCDC85B",0.149063827048094,652,0.350639455712394,0.961953958507263,"Yes"
"CPEB4",0.14899689577248,655,0.0786808537322043,0.961953958507263,"Yes"
"ARFGEF2",0.148821731287587,659,0.0800372779580842,0.961953958507263,"Yes"
"SKI",0.147846405954787,674,0.0500109680367223,0.958910750271067,"Yes"
"SLC25A25",0.14703917826528,683,0.0890241432387139,0.961953958507263,"Yes"
"NDUFAF8",0.143934322461526,719,0.196269721613952,0.961953958507263,"Yes"
"IL1R1",0.142536123927447,734,0.282243055126947,0.961953958507263,"Yes"
"ENDOG",0.141072682795082,753,0.190567325776656,0.961953958507263,"Yes"
"GNG12",0.13958168546547,771,0.112786706422834,0.961953958507263,"Yes"
"LRFN4",0.138529631787087,790,0.17806563099651,0.961953958507263,"Yes"
"DAGLA",0.13736177054094,809,0.0732601517064109,0.961953958507263,"Yes"
"TPRN",0.136022457354721,831,0.135540583191562,0.961953958507263,"Yes"
"MRPL12",0.135923102069258,834,0.290145991381473,0.961953958507263,"Yes"
"CENPN",0.135387395061091,839,0.350225129526316,0.961953958507263,"Yes"
"AIDA",0.134893967431835,845,0.360703585274995,0.961953958507263,"Yes"
"ANKRD40",0.134223472259705,855,0.0345737349064348,0.910142923574761,"Yes"
"SLC52A2",0.133536974962995,868,0.13521299048744,0.961953958507263,"Yes"
"EGLN1",0.133223271870323,873,0.0249196728423295,0.843403251480126,"Yes"
"TLN1",0.133149449649468,875,0.122726771528993,0.961953958507263,"Yes"
"PWWP2B",0.132444952370192,884,0.165049324011991,0.961953958507263,"Yes"
"FOXO3",0.131767123371238,901,0.172957186173861,0.961953958507263,"Yes"
"ZNF41",0.131632870208101,903,0.0452616583489926,0.954822705704888,"Yes"
"ELF1",0.130749198978222,913,0.185907479383316,0.961953958507263,"Yes"
"GNL3L",0.130399755993956,917,0.0757234667845448,0.961953958507263,"Yes"
"TAOK1",0.129952809575861,926,0.103225540407155,0.961953958507263,"Yes"
"FYCO1",0.128665431678312,943,0.106349834937945,0.961953958507263,"Yes"
"ASPHD1",0.127357639617925,972,0.357080769263319,0.961953958507263,"Yes"
"MEF2A",0.127228008193299,977,0.0995468450797939,0.961953958507263,"Yes"
"PRRC2B",0.127138393981786,978,0.265360202750512,0.961953958507263,"Yes"
"AGTRAP",0.125462932824709,1004,0.208191886773216,0.961953958507263,"Yes"
"NPDC1",0.124906621415438,1013,0.309897366316068,0.961953958507263,"Yes"
"DUSP23",0.124635943365927,1019,0.378134140955097,0.961953958507263,"Yes"
"IDH3A",0.124562528609979,1021,0.0497246933892273,0.958910750271067,"Yes"
"FAM110A",0.124546274918883,1022,0.138463427111829,0.961953958507263,"Yes"
"VGLL4",0.123858111196902,1033,0.148082876716015,0.961953958507263,"Yes"
"TBC1D9B",0.123678202756266,1039,0.0776428659807035,0.961953958507263,"Yes"
"ABAT",0.122990534833913,1059,0.357176625687321,0.961953958507263,"Yes"
"TMUB1",0.122596608932259,1063,0.184866542313775,0.961953958507263,"Yes"
"DTWD2",0.121790386674875,1078,0.0913110491744293,0.961953958507263,"Yes"
"HIVEP2",0.119777780718105,1123,0.104730240119996,0.961953958507263,"Yes"
"SYNGR2",0.119687243059445,1125,0.21881400540566,0.961953958507263,"Yes"
"ABCF2",0.119644383722517,1126,0.0346547530833709,0.910142923574761,"Yes"
"RAI1",0.119334245239872,1131,0.156957351015593,0.961953958507263,"Yes"
"TRPM2",0.119251314478256,1134,0.313049194738663,0.961953958507263,"Yes"
"ASAP2",0.119071641410266,1139,0.183721169003327,0.961953958507263,"Yes"
"ZNF275",0.118570679757757,1151,0.0724891496015565,0.961953958507263,"Yes"
"NSD1",0.117788560556063,1166,0.10678386800866,0.961953958507263,"Yes"
"METTL26",0.117405389272408,1180,0.298061852868958,0.961953958507263,"Yes"
"EGFR",0.116966182394744,1188,0.248631510206147,0.961953958507263,"Yes"
"PPP1R16A",0.115784032392695,1215,0.299985737714099,0.961953958507263,"Yes"
"DCTPP1",0.115457301571911,1220,0.19595604995289,0.961953958507263,"Yes"
"PGP",0.115111160679514,1234,0.161873055243506,0.961953958507263,"Yes"
"RNASEH1",0.115020745478204,1237,0.0232890405469483,0.843403251480126,"Yes"
"TEX264",0.114792962109578,1244,0.155252309518492,0.961953958507263,"Yes"
"RAB11FIP1",0.114770827482382,1246,0.321691419785325,0.961953958507263,"Yes"
"C8orf82",0.113391231556867,1276,0.288575494466542,0.961953958507263,"Yes"
"SLC7A1",0.113290659390596,1280,0.278632326785553,0.961953958507263,"Yes"
"NEK4",0.112977141764318,1285,0.107089561641682,0.961953958507263,"Yes"
"SDF2L1",0.112156572720502,1306,0.316447241313076,0.961953958507263,"Yes"
"ACER2",0.112115973599752,1307,0.298246589079947,0.961953958507263,"Yes"
"AP1S1",0.111947727827114,1311,0.16791071790005,0.961953958507263,"Yes"
"CCDC85C",0.111537555768326,1320,0.103018234061627,0.961953958507263,"Yes"
"B3GALNT2",0.110740521457874,1337,0.12343919667174,0.961953958507263,"Yes"
"GIPC1",0.109571320223414,1373,0.182684957312261,0.961953958507263,"Yes"
"TNPO3",0.109119488426622,1378,0.0481720664363944,0.958910750271067,"Yes"
"EP300",0.108989599279875,1384,0.2298466502645,0.961953958507263,"Yes"
"C20orf27",0.108856031982011,1390,0.249064632638805,0.961953958507263,"Yes"
"BORCS6",0.108560038694076,1395,0.133591543512787,0.961953958507263,"Yes"
"CD320",0.108533938700765,1396,0.311245336247235,0.961953958507263,"Yes"
"EXOSC4",0.107970096112727,1412,0.289563649567561,0.961953958507263,"Yes"
"HMG20B",0.107808196461958,1417,0.281725056550547,0.961953958507263,"Yes"
"BIK",0.107715577669723,1421,0.302716290514043,0.961953958507263,"Yes"
"POLR1A",0.107330223854804,1434,0.0914692013588994,0.961953958507263,"Yes"
"TMEM140",0.107272404944586,1436,0.208616726423218,0.961953958507263,"Yes"
"IGFBP2",0.106414850777644,1471,0.488139727439612,0.963535743091324,"Yes"
"GUK1",0.105887952303471,1484,0.211030825085738,0.961953958507263,"Yes"
"CNOT1",0.105494361985042,1498,0.35730461934997,0.961953958507263,"Yes"
"MVD",0.105475349697032,1500,0.248285707326508,0.961953958507263,"Yes"
"NOMO2",0.105439917366728,1501,0.245777276811923,0.961953958507263,"Yes"
"HBP1",0.104712489403032,1519,0.235886768703381,0.961953958507263,"Yes"
"PRR5",0.10388592600365,1548,0.214439885362395,0.961953958507263,"Yes"
"H6PD",0.103494243820729,1567,0.171304075541359,0.961953958507263,"Yes"
"BMX",0.102459583337493,1598,0.32762828889331,0.961953958507263,"Yes"
"BAZ2A",0.102292275381293,1602,0.226528054061021,0.961953958507263,"Yes"
"RNF169",0.101419158766004,1632,0.203282669484206,0.961953958507263,"Yes"
"KLHL11",0.101394058731566,1637,0.197259195893384,0.961953958507263,"Yes"
"NDUFS6",0.100672148248102,1656,0.301532351060034,0.961953958507263,"Yes"
"NUDT16L1",0.100667323437279,1657,0.225089025266044,0.961953958507263,"Yes"
"TXNL4A",0.100414542014395,1664,0.153632856865012,0.961953958507263,"Yes"
"SULT2B1",0.100299439559955,1670,0.521610430965632,0.968868653437711,"Yes"
"MZT2A",0.100137101155792,1674,0.403888487684329,0.962613387123402,"Yes"
"RPL13",0.100092599172168,1678,0.391394994606262,0.962212607637561,"Yes"
"KREMEN2",0.099554599960079,1696,0.284671573135083,0.961953958507263,"Yes"
"MFAP3",0.0987880787645505,1708,0.234496701814027,0.961953958507263,"Yes"
"ZNF787",0.0985449990897993,1722,0.188016290259206,0.961953958507263,"Yes"
"JMJD1C",0.0984546318636919,1724,0.261951202034886,0.961953958507263,"Yes"
"CLPP",0.09843038752184,1726,0.223234752482518,0.961953958507263,"Yes"
"POM121",0.0982385472294607,1730,0.237731857419139,0.961953958507263,"Yes"
"PICK1",0.0978997110903679,1744,0.232911856459996,0.961953958507263,"Yes"
"IBTK",0.0976236348300192,1753,0.180613979785943,0.961953958507263,"Yes"
"AP1S3",0.0975408510627227,1757,0.119605727694893,0.961953958507263,"Yes"
"ROCK1",0.0972118195262826,1765,0.234546974947315,0.961953958507263,"Yes"
"GAMT",0.0971127700530348,1769,0.45294646492217,0.962613387123402,"Yes"
"ATRN",0.096983479425337,1773,0.155571919664342,0.961953958507263,"Yes"
"POP7",0.0964303331659799,1795,0.226034341956183,0.961953958507263,"Yes"
"RAVER1",0.0962210057743556,1801,0.293199507731378,0.961953958507263,"Yes"
"ISOC2",0.0961689139752009,1804,0.293158252348539,0.961953958507263,"Yes"
"ACBD3",0.0961137133983758,1809,0.176002986112462,0.961953958507263,"Yes"
"RHOD",0.0958720138307876,1814,0.442819429736087,0.962613387123402,"Yes"
"CTU1",0.0956743726109701,1822,0.237715927328436,0.961953958507263,"Yes"
"WNK1",0.0956465592908637,1823,0.261721603862029,0.961953958507263,"Yes"
"APOOL",0.0955083599394473,1828,0.232550157014964,0.961953958507263,"Yes"
"FBXL14",0.0952406391463292,1837,0.271639509208498,0.961953958507263,"Yes"
"STAG1",0.095082205967957,1843,0.24909999116984,0.961953958507263,"Yes"
"PHLDA2",0.0950767334202633,1844,0.570562870167752,0.973952866602945,"Yes"
"AAMP",0.0949088645152578,1851,0.14566501002835,0.961953958507263,"Yes"
"SMAD1",0.0939581458209275,1882,0.150935603790287,0.961953958507263,"Yes"
"FAM160A1",0.0933621798965583,1908,0.241733148141258,0.961953958507263,"Yes"
"FAM169A",0.0933429391365077,1910,0.144224366042065,0.961953958507263,"Yes"
"ATG9A",0.0929994938611372,1920,0.27011829923721,0.961953958507263,"Yes"
"PHC3",0.0925959903437428,1943,0.180887202460872,0.961953958507263,"Yes"
"MVK",0.0924395695358489,1948,0.228977791255711,0.961953958507263,"Yes"
"ASH1L",0.0918516902292512,1970,0.310658746740167,0.961953958507263,"Yes"
"KMT2D",0.0911414862900215,2001,0.335884656925566,0.961953958507263,"Yes"
"IREB2",0.0911316522503771,2002,0.197518036879474,0.961953958507263,"Yes"
"TMEM160",0.0910809476039094,2005,0.552966750021541,0.972817794316773,"Yes"
"LSM4",0.090352245946411,2028,0.275311134430933,0.961953958507263,"Yes"
"NR2C2",0.0903193158968909,2030,0.247990007250509,0.961953958507263,"Yes"
"XPC",0.0902924639546696,2033,0.213220659759232,0.961953958507263,"Yes"
"MRPS34",0.0899716431675399,2056,0.305971356060916,0.961953958507263,"Yes"
"B4GALT5",0.0897344812100771,2065,0.262721683929094,0.961953958507263,"Yes"
"RNF208",0.0896255771045258,2070,0.463572868417104,0.962613387123402,"Yes"
"GNA13",0.0894957791436592,2078,0.198163059137377,0.961953958507263,"Yes"
"TAF6",0.0893140335929195,2092,0.201960593706996,0.961953958507263,"Yes"
"POMK",0.0892318619168648,2099,0.38505357744251,0.961953958507263,"Yes"
"VRK2",0.0891787488972398,2101,0.160085012780842,0.961953958507263,"Yes"
"BOP1",0.0891149005260079,2104,0.368866478470429,0.961953958507263,"Yes"
"MRPL24",0.0881631325554055,2137,0.32986741678492,0.961953958507263,"Yes"
"CHADL",0.0880501717524687,2149,0.312686289215017,0.961953958507263,"Yes"
"HYAL2",0.0870445748321163,2183,0.229948744271245,0.961953958507263,"Yes"
"ARRDC1",0.0869921296778022,2186,0.325959470124411,0.961953958507263,"Yes"
"AURKAIP1",0.0869011244872313,2191,0.397288998089959,0.962613387123402,"Yes"
"UBR4",0.086503112213876,2209,0.289532623907187,0.961953958507263,"Yes"
"OGFR",0.0855379112609933,2257,0.217371721079801,0.961953958507263,"Yes"
"FRS2",0.0854553747696754,2264,0.179726558324504,0.961953958507263,"Yes"
"ZNHIT2",0.0853933034173231,2267,0.387713623963826,0.961953958507263,"Yes"
"SMCR8",0.0852597189719089,2275,0.337134441407248,0.961953958507263,"Yes"
"TMEM121",0.0850267510990841,2284,0.437848427034944,0.962613387123402,"Yes"
"TPGS1",0.0849896152894165,2286,0.444055902394326,0.962613387123402,"Yes"
"NAA10",0.0845142816922451,2307,0.374328668548434,0.961953958507263,"Yes"
"KCTD17",0.0839734296244454,2324,0.362792663002384,0.961953958507263,"Yes"
"WASL",0.0839564315140713,2325,0.218096259216355,0.961953958507263,"Yes"
"SNN",0.0837418734888482,2334,0.275642006469647,0.961953958507263,"Yes"
"STAP2",0.0831240353681686,2363,0.414657919651642,0.962613387123402,"Yes"
"SNX18",0.0817500224035874,2420,0.177837918983346,0.961953958507263,"Yes"
"RANGAP1",0.0817088622943833,2422,0.214269582214168,0.961953958507263,"Yes"
"ANKRD37",0.0808119581297309,2471,0.501852804338934,0.965425622265064,"Yes"
"FAM20B",0.0801901718560267,2509,0.150571765615048,0.961953958507263,"Yes"
"BBS5",0.0799920073095177,2519,0.0954433256314929,0.961953958507263,"Yes"
"RB1CC1",0.0799641178266612,2521,0.325199831091799,0.961953958507263,"Yes"
"SSR4",0.0798375615533002,2528,0.450520844330816,0.962613387123402,"Yes"
"ROGDI",0.0789352135385983,2562,0.364792298306198,0.961953958507263,"Yes"
"SLC39A3",0.078888333249151,2566,0.306849624755348,0.961953958507263,"Yes"
"TRIM54",0.0788728474919046,2569,0.424314836223483,0.962613387123402,"Yes"
"NFAT5",0.0780037112402387,2621,0.421082228785493,0.962613387123402,"Yes"
"TMEM185B",0.0777234223179226,2630,0.195429836298062,0.961953958507263,"Yes"
"RNF40",0.0775301669380917,2645,0.303419103596966,0.961953958507263,"Yes"
"JUND",0.0769480479354394,2668,0.545468564842101,0.972817794316773,"Yes"
"ZNF771",0.0760089414540492,2713,0.221485812638663,0.961953958507263,"Yes"
"ZFYVE9",0.0757741300753669,2723,0.294217432250642,0.961953958507263,"Yes"
"SRM",0.0755223611832063,2736,0.442691825506867,0.962613387123402,"Yes"
"DDX6",0.075092306968167,2762,0.272087750434185,0.961953958507263,"Yes"
"CDC42BPB",0.0750435731369294,2770,0.459103195894643,0.962613387123402,"Yes"
"CISD3",0.0749929284411257,2773,0.466615505376091,0.962613387123402,"Yes"
"LONP2",0.0749275437916177,2776,0.37970694337801,0.961953958507263,"Yes"
"FOSL2",0.0747633819696709,2783,0.47208642979637,0.962613387123402,"Yes"
"DOHH",0.074016934313843,2818,0.337728149247413,0.961953958507263,"Yes"
"GPS1",0.073855691855746,2829,0.304145193327604,0.961953958507263,"Yes"
"SMC4",0.0735481750417983,2845,0.437767575289572,0.962613387123402,"Yes"
"PURB",0.0733068964694015,2858,0.233811320960255,0.961953958507263,"Yes"
"BRMS1",0.0731734273843125,2866,0.313998379690225,0.961953958507263,"Yes"
"DTX2",0.0728204652191011,2890,0.367086343381231,0.961953958507263,"Yes"
"C1orf122",0.0727718119690648,2895,0.472059156984126,0.962613387123402,"Yes"
"TCF20",0.0726661124544625,2901,0.243775245666195,0.961953958507263,"Yes"
"GCAT",0.0725678377916319,2904,0.496927523386208,0.965425622265064,"Yes"
"ANKFY1",0.0724642235310915,2910,0.332122667769347,0.961953958507263,"Yes"
"PES1",0.0724028102516883,2913,0.294146780452835,0.961953958507263,"Yes"
"TRMU",0.0720304019277571,2930,0.280671746375721,0.961953958507263,"Yes"
"EIF5B",0.0716755349330178,2943,0.341976903455574,0.961953958507263,"Yes"
"CSNK1G2",0.071237709154846,2964,0.292626029143519,0.961953958507263,"Yes"
"TSFM",0.070841169223008,2984,0.123147576851846,0.961953958507263,"Yes"
"NGRN",0.0707309721983815,2989,0.315008258738379,0.961953958507263,"Yes"
"NRIP1",0.0706570681953109,2993,0.547483033792015,0.972817794316773,"Yes"
"TELO2",0.0703943255744415,3007,0.388467624222324,0.961953958507263,"Yes"
"EBP",0.0703514475681191,3011,0.572552361062985,0.973952866602945,"Yes"
"BRAT1",0.0689341258760754,3085,0.379211601097848,0.961953958507263,"Yes"
"UBE4A",0.0687347939764322,3095,0.503693951587058,0.965425622265064,"Yes"
"TP53INP1",0.068131071865964,3115,0.538987385829775,0.971231526571388,"Yes"
"MAP2K2",0.0679976003505809,3123,0.379672482043782,0.961953958507263,"Yes"
"MRPL41",0.0679260710932006,3129,0.624131313205193,0.978425777047414,"Yes"
"C7orf50",0.0672923649524533,3156,0.495134065315796,0.965425622265064,"Yes"
"MFSD5",0.0670758466640744,3170,0.323426779738125,0.961953958507263,"Yes"
"RPL35",0.0669903188455727,3175,0.558027030830844,0.973169031898041,"Yes"
"ARPC1A",0.0669871742076502,3176,0.378135711792047,0.961953958507263,"Yes"
"ACACA",0.0662302499637173,3206,0.553441305580392,0.972817794316773,"Yes"
"ARHGAP5",0.0656333925593522,3241,0.521851766677469,0.968868653437711,"Yes"
"STK24",0.0656084160390473,3242,0.348342564952389,0.961953958507263,"Yes"
"SNCG",0.0651493900125018,3273,0.673450135117596,0.982229028624857,"Yes"
"DHTKD1",0.0650855950225937,3279,0.454506888649928,0.962613387123402,"Yes"
"TMEM134",0.0644225821062117,3326,0.489605359414536,0.963535743091324,"Yes"
"CHCHD1",0.0642910509085732,3334,0.468376467483208,0.962613387123402,"Yes"
"ZFPM1",0.064172225791354,3337,0.314028679962132,0.961953958507263,"Yes"
"THBS1",0.0641478832726072,3341,0.712584616178282,0.985753432058228,"Yes"
"VHL",0.0636968981789905,3364,0.2863612721044,0.961953958507263,"Yes"
"ZNF511",0.0635692144110327,3373,0.484317713770026,0.963535743091324,"Yes"
"C2CD4D",0.0634897421842713,3376,0.424157868071952,0.962613387123402,"Yes"
"HIGD2A",0.0630600091609237,3400,0.477051431071499,0.962613387123402,"Yes"
"COPS9",0.0625801062774363,3425,0.547548188910491,0.972817794316773,"Yes"
"CLCC1",0.0625378385907562,3427,0.290473792319547,0.961953958507263,"Yes"
"NUBP2",0.0623188142021212,3444,0.45687970741915,0.962613387123402,"Yes"
"MAP1B",0.0616102658879161,3489,0.690507400645655,0.98263152052947,"Yes"
"SLC25A11",0.0611307510729056,3517,0.379587553400816,0.961953958507263,"Yes"
"LMAN2",0.0610443595682897,3525,0.416347581548174,0.962613387123402,"Yes"
"RNF123",0.0608536803070381,3540,0.454216863987114,0.962613387123402,"Yes"
"KIF2A",0.060774481668332,3546,0.319454959912497,0.961953958507263,"Yes"
"CTTNBP2NL",0.06073137529755,3552,0.461994015325771,0.962613387123402,"Yes"
"RALGAPA1",0.0605833064231227,3565,0.380712312394614,0.961953958507263,"Yes"
"ZDHHC12",0.0605245406334776,3571,0.485792278528721,0.963535743091324,"Yes"
"TMEM238",0.0603225136514167,3581,0.67556000477665,0.982229028624857,"Yes"
"PMS2",0.0601314991802777,3587,0.345686011514028,0.961953958507263,"Yes"
"FBXO11",0.0601241659777179,3588,0.436034381089441,0.962613387123402,"Yes"
"USP54",0.059546391215139,3632,0.600247273979278,0.974889403904491,"Yes"
"PCSK6",0.0595424896181136,3633,0.508952140323616,0.967933027026925,"Yes"
"BCL2L1",0.0594854009533483,3639,0.411125335969916,0.962613387123402,"Yes"
"SPINT2",0.0590473535804499,3668,0.553360159335704,0.972817794316773,"Yes"
"MAP1LC3A",0.0589516831079822,3675,0.644450093126508,0.981334617669311,"Yes"
"FAAP20",0.058407363556483,3706,0.59002650749406,0.974889403904491,"No"
"SIRT7",0.0580556498181135,3722,0.342418473556973,0.961953958507263,"No"
"RFNG",0.0578990784965416,3736,0.502807481296377,0.965425622265064,"No"
"JOSD2",0.0572572737557668,3777,0.574475432944945,0.974200494967498,"No"
"SMG6",0.0568796382907211,3803,0.444329862015246,0.962613387123402,"No"
"SELENOW",0.0566604140206266,3815,0.555066798696004,0.972916284247758,"No"
"TMEM54",0.0563544166838099,3833,0.608774309479334,0.974889403904491,"No"
"FAM219B",0.0562703156050608,3839,0.387771270357822,0.961953958507263,"No"
"MT-ND6",0.0559533910895702,3863,0.766164640269451,0.988070096138049,"No"
"ABHD17A",0.0553039219857872,3901,0.547337007381609,0.972817794316773,"No"
"FBXW2",0.0551019140882847,3918,0.341214621271306,0.961953958507263,"No"
"IPPK",0.0549683499597446,3926,0.244206815341456,0.961953958507263,"No"
"RPL24",0.0545825521010475,3954,0.577727292090851,0.974889403904491,"No"
"NT5M",0.0545598754737626,3956,0.531535720127456,0.970119659454904,"No"
"UBE2M",0.0539116238114001,3995,0.438184046547595,0.962613387123402,"No"
"CRELD2",0.0535166204732,4019,0.549891597790876,0.972817794316773,"No"
"STK11",0.0532393634793134,4030,0.420036196261618,0.962613387123402,"No"
"PPP1R35",0.0524991945964302,4069,0.588781405443782,0.974889403904491,"No"
"ADAT3",0.0524277209155761,4073,0.51550354978517,0.968868653437711,"No"
"NTHL1",0.0524227656751997,4074,0.591365313056064,0.974889403904491,"No"
"CMC2",0.0521003370765343,4098,0.416505763790206,0.962613387123402,"No"
"IMP3",0.052087179232482,4099,0.460279171475281,0.962613387123402,"No"
"RBL2",0.0517864024291534,4116,0.60717022300126,0.974889403904491,"No"
"PARP4",0.0512825535028418,4146,0.510668465786552,0.967933027026925,"No"
"HES4",0.050716959439904,4178,0.78226365292685,0.988741473863441,"No"
"OXLD1",0.0507130738593347,4179,0.598436262477128,0.974889403904491,"No"
"ZBED3",0.0502714053809132,4220,0.553375292719149,0.972817794316773,"No"
"ATAD3A",0.0502149204567046,4227,0.518598251857637,0.968868653437711,"No"
"DDAH1",0.0498348748319222,4251,0.581394858407244,0.974889403904491,"No"
"ZRANB1",0.0497973191551042,4258,0.472232929517352,0.962613387123402,"No"
"TST",0.0494642209117204,4275,0.66975028076914,0.982112758884219,"No"
"ZNF524",0.0487120096628058,4340,0.592394413199786,0.974889403904491,"No"
"CFL1",0.0486217470311674,4350,0.461134584269272,0.962613387123402,"No"
"MYO1E",0.0485933849743003,4351,0.589182581015467,0.974889403904491,"No"
"MYO18A",0.0485666788156935,4354,0.486265101132809,0.963535743091324,"No"
"STXBP2",0.048064187677769,4388,0.567786943605219,0.973952866602945,"No"
"RGP1",0.0474463147147781,4432,0.525507261141412,0.968868653437711,"No"
"ARF5",0.0470283484522795,4461,0.556096849714179,0.973142859110055,"No"
"COPRS",0.046749534302263,4474,0.560887287426186,0.97322286537164,"No"
"CHD4",0.0466324849152313,4488,0.415795663647203,0.962613387123402,"No"
"CLIC4",0.0461237508755517,4517,0.659254913594253,0.981791940588791,"No"
"MRPS12",0.0460455839649887,4524,0.606497838527672,0.974889403904491,"No"
"ZNF460",0.0460332441501157,4526,0.616543855366851,0.975842864367127,"No"
"ARFGEF3",0.0460140478354285,4528,0.736256478396607,0.986318354041964,"No"
"ZNF710",0.0460067285607124,4531,0.496901500830151,0.965425622265064,"No"
"UBE2J2",0.0457110710173581,4554,0.453197562430725,0.962613387123402,"No"
"ZNF573",0.0456302898853572,4557,0.34189419356181,0.961953958507263,"No"
"USP32",0.0451861187386187,4594,0.55879661570034,0.97322286537164,"No"
"SELENOO",0.0450871204678855,4600,0.621911189396714,0.978425777047414,"No"
"BRI3",0.0449943164520974,4608,0.579056049481981,0.974889403904491,"No"
"SQSTM1",0.0449504894290564,4614,0.603693024498765,0.974889403904491,"No"
"GUCD1",0.0447112546096893,4629,0.525209265263064,0.968868653437711,"No"
"PCSK1N",0.044627106678186,4636,0.847103647103701,0.993371139928155,"No"
"QPCTL",0.0443655707315669,4655,0.560217031443983,0.97322286537164,"No"
"ALYREF",0.0443117891859908,4662,0.538121185705837,0.971231526571388,"No"
"FASTK",0.0441055812281723,4675,0.596327441214541,0.974889403904491,"No"
"RPLP1",0.0439887336717888,4683,0.705698836189228,0.984387797569624,"No"
"MEX3A",0.0438493052837794,4700,0.757514275774211,0.988070096138049,"No"
"DSEL",0.0437397715887573,4707,0.626823507150332,0.978425777047414,"No"
"RASA1",0.0433474978391137,4727,0.570130269293488,0.973952866602945,"No"
"TSTD2",0.0432058202669856,4741,0.579269760497209,0.974889403904491,"No"
"MAP3K5",0.0424704552642088,4796,0.745568054239657,0.987904232899193,"No"
"SOGA1",0.042285980983364,4810,0.644150948749744,0.981334617669311,"No"
"RPS19BP1",0.0422724914959804,4814,0.634464226929125,0.979880563677205,"No"
"EPB41",0.0421363908947288,4823,0.672958772348564,0.982229028624857,"No"
"SREK1IP1",0.0417443134791844,4854,0.498256086437653,0.965425622265064,"No"
"LSR",0.0417382861364883,4855,0.642620323893687,0.981334617669311,"No"
"WASHC5",0.0417238791289645,4858,0.573506842335147,0.973952866602945,"No"
"TRMT112",0.0414447285753816,4872,0.588032369453663,0.974889403904491,"No"
"PNPLA6",0.0413600399295526,4876,0.505998038550468,0.966778751242453,"No"
"UBE2I",0.0413040417923027,4883,0.454438301538332,0.962613387123402,"No"
"CFD",0.0412261533260749,4885,0.810382444770516,0.988741473863441,"No"
"DPM3",0.041071764095272,4892,0.723608976709039,0.98595061929778,"No"
"DECR2",0.0404466762469986,4947,0.680824007423027,0.98263152052947,"No"
"MMAB",0.0402346722142286,4963,0.626118908337022,0.978425777047414,"No"
"RPS28",0.0394183812323012,5025,0.729792765714987,0.986318354041964,"No"
"ZNF532",0.0390534838484329,5054,0.708928801987235,0.985563244634786,"No"
"CHD6",0.0388917529729897,5067,0.645310907492072,0.981334617669311,"No"
"ANAPC11",0.0385703185646129,5098,0.68312880508598,0.98263152052947,"No"
"TIMM17B",0.0384084057228264,5110,0.645515120459236,0.981334617669311,"No"
"FDXR",0.0382213155206568,5130,0.639471558800373,0.980271327308636,"No"
"PLEKHJ1",0.0382087536012059,5132,0.622352373269643,0.978425777047414,"No"
"INCA1",0.037048362588362,5245,0.664021684357648,0.981791940588791,"No"
"MAGIX",0.0369938534001244,5252,0.67900454453403,0.98263152052947,"No"
"RAB8A",0.0369136523551359,5261,0.511043217462769,0.967933027026925,"No"
"SPIRE1",0.0367960334365094,5277,0.671914990317049,0.982229028624857,"No"
"CBY1",0.0366175166204297,5290,0.604092002263287,0.974889403904491,"No"
"COG1",0.0365653239293318,5298,0.557324027041002,0.973169031898041,"No"
"NDUFB10",0.0358333923682581,5359,0.69165756204894,0.98263152052947,"No"
"OAS3",0.0353839040281776,5399,0.793760250498541,0.988741473863441,"No"
"SCAND1",0.0349344932135125,5451,0.772276298336297,0.988741473863441,"No"
"SYNJ2BP",0.0347190724907973,5466,0.682581822426569,0.98263152052947,"No"
"PPP4C",0.0345758359413235,5479,0.610846728157758,0.974932181681848,"No"
"RECQL",0.0343766630805828,5494,0.675030829129883,0.982229028624857,"No"
"LYPLA2",0.0343249154520446,5496,0.625078498842004,0.978425777047414,"No"
"IL17RC",0.0341624614217499,5508,0.709824324351739,0.985753432058228,"No"
"SASH1",0.033418628495907,5566,0.713045298042307,0.985753432058228,"No"
"SAMD1",0.0329755853062643,5593,0.697764270307415,0.982941951275926,"No"
"CAP1",0.0326362662790514,5624,0.570723842420579,0.973952866602945,"No"
"NDUFB7",0.0326346335920045,5625,0.766985961211466,0.988070096138049,"No"
"LSM5",0.0323690338699318,5647,0.66093818110233,0.981791940588791,"No"
"NDUFB11",0.0316956413249221,5698,0.735066493827351,0.986318354041964,"No"
"TIMM13",0.031442500511516,5721,0.719378009286373,0.98595061929778,"No"
"DNAJC14",0.0311917179916548,5745,0.716517504806717,0.985753432058228,"No"
"NFYA",0.0311242856414609,5753,0.644370789266389,0.981334617669311,"No"
"SCAMP3",0.0310823965467684,5759,0.654219583599739,0.981791940588791,"No"
"DYNC1LI2",0.0310491636692771,5762,0.756920798275729,0.988070096138049,"No"
"FAM3A",0.0307757405262361,5782,0.682312271589626,0.98263152052947,"No"
"MRPL55",0.0298217838361277,5866,0.738859622962195,0.98671061370522,"No"
"MFSD3",0.0297235150170883,5880,0.798109328879976,0.988741473863441,"No"
"RNMT",0.0296556895873303,5886,0.604312780051144,0.974889403904491,"No"
"PATL1",0.0296388592061025,5888,0.684878814331157,0.98263152052947,"No"
"ZNF384",0.0294514211843997,5907,0.693044812242065,0.98263152052947,"No"
"PPL",0.0293511942405238,5916,0.799254199647801,0.988741473863441,"No"
"CTSD",0.0290111733209732,5939,0.768440694458374,0.988226955439361,"No"
"YIF1B",0.0288755600291708,5945,0.675693007225549,0.982229028624857,"No"
"SGTA",0.0287065116654226,5962,0.650464099427774,0.981791940588791,"No"
"CBLC",0.0282768107883911,5992,0.853349474942914,0.993371139928155,"No"
"SIVA1",0.0278229990464816,6029,0.755428630553839,0.988070096138049,"No"
"NAA38",0.0278161876770575,6031,0.797398394967993,0.988741473863441,"No"
"UBE2S",0.0277746161415866,6032,0.798512901714107,0.988741473863441,"No"
"SH3PXD2B",0.0276560310597058,6045,0.753868264825957,0.988070096138049,"No"
"PPP1R14B",0.0276061416089446,6054,0.7958049617238,0.988741473863441,"No"
"TMEM147",0.027394783612734,6072,0.731526604849622,0.986318354041964,"No"
"FAU",0.0272545956821695,6081,0.776274942350751,0.988741473863441,"No"
"UBXN2B",0.0272191873492282,6083,0.696670022783146,0.982651588291503,"No"
"DHDH",0.026009279454339,6179,0.835851726363497,0.993371139928155,"No"
"RPS27A",0.0258353840513408,6192,0.800116361472566,0.988741473863441,"No"
"RAP2A",0.0257456752036229,6204,0.715289312006645,0.985753432058228,"No"
"GADD45GIP1",0.0254469543319242,6233,0.82154836775424,0.992836711111078,"No"
"TSPAN33",0.0254347137410025,6234,0.756205331805978,0.988070096138049,"No"
"IFT27",0.0253577837362857,6241,0.682882982183539,0.98263152052947,"No"
"TCTEX1D4",0.0253011505049813,6249,0.620927776360091,0.978202949438983,"No"
"KISS1R",0.0251996334311103,6253,0.749151336541377,0.988042956485681,"No"
"LRIG1",0.0250914779632012,6264,0.80245850575539,0.988741473863441,"No"
"ZSCAN21",0.0247727484297202,6295,0.600271411168671,0.974889403904491,"No"
"ETFB",0.0243839602253506,6328,0.789452774333225,0.988741473863441,"No"
"POLR3K",0.0241324761015007,6352,0.744892375608496,0.987904232899193,"No"
"CERS4",0.024105881308488,6355,0.825033375549293,0.993371139928155,"No"
"TMEM161A",0.0238744499907755,6378,0.74860025506181,0.988042956485681,"No"
"SFXN4",0.0237359728722168,6390,0.760068957370175,0.988070096138049,"No"
"MYH10",0.0236214673036135,6400,0.790011392170812,0.988741473863441,"No"
"RPL26L1",0.0234242499419857,6422,0.74567555924548,0.987904232899193,"No"
"RBM14",0.0233998370321786,6424,0.595734623049315,0.974889403904491,"No"
"EML5",0.0233718418176465,6428,0.713862264370301,0.985753432058228,"No"
"C3orf33",0.023084297936774,6449,0.69987085687529,0.983337106577096,"No"
"TMEM259",0.0226533140826053,6497,0.777033563518914,0.988741473863441,"No"
"R3HDM4",0.0226016595334455,6504,0.758845987134904,0.988070096138049,"No"
"RASEF",0.0215694980329579,6595,0.85024586795286,0.993371139928155,"No"
"AKT1S1",0.0212469976479785,6621,0.751893188571177,0.988070096138049,"No"
"PPP2R5D",0.0211391871014683,6629,0.778382397805836,0.988741473863441,"No"
"SLC25A15",0.0210359608149648,6639,0.7893119221423,0.988741473863441,"No"
"NOC4L",0.0206471293800612,6680,0.795839329900527,0.988741473863441,"No"
"CCDC154",0.0202863918534493,6702,0.876471299397034,0.995379202197669,"No"
"ANKRD9",0.0202433595087137,6710,0.783276255488321,0.988741473863441,"No"
"HAUS2",0.0197848479762288,6759,0.709615943018544,0.985753432058228,"No"
"NUDT22",0.019660577787874,6774,0.773760277432784,0.988741473863441,"No"
"SIL1",0.0195832142298427,6783,0.824671867386474,0.993371139928155,"No"
"SSBP4",0.0195484989912327,6789,0.840818749921424,0.993371139928155,"No"
"C6orf226",0.0192011337555318,6815,0.861343806384952,0.993371139928155,"No"
"TFIP11",0.0188981283817768,6841,0.734649113007966,0.986318354041964,"No"
"TRMT61A",0.0185138007969647,6886,0.807388499524364,0.988741473863441,"No"
"TOM1L1",0.0182686496645208,6904,0.840212680782174,0.993371139928155,"No"
"MVB12A",0.0178991047614443,6947,0.811078582921679,0.98889103196814,"No"
"PIGQ",0.0176289026696281,6980,0.827927773251769,0.993371139928155,"No"
"TRAM2",0.0175867746308813,6986,0.825577262447039,0.993371139928155,"No"
"GPX1",0.0175078865529832,6993,0.857510249172967,0.993371139928155,"No"
"PCDHGB5",0.0174658473245395,6995,0.865989666647865,0.994615736889418,"No"
"ATP6V0B",0.017135771195492,7030,0.845059082477622,0.993371139928155,"No"
"B3GAT3",0.0170705338314079,7036,0.827189512159977,0.993371139928155,"No"
"FBXL15",0.0169291821307689,7052,0.867701021133317,0.994615736889418,"No"
"TRAPPC6B",0.0168384570166755,7057,0.735485070534223,0.986318354041964,"No"
"CDK5",0.0167983720781009,7061,0.822190064600631,0.992936367110742,"No"
"SP4",0.0166488511625562,7072,0.793657799482611,0.988741473863441,"No"
"ARL16",0.0164200976651925,7098,0.839465956746314,0.993371139928155,"No"
"ZNF580",0.0162347531415854,7114,0.869382625955226,0.994992616161144,"No"
"RNASEH2C",0.0159588250537777,7139,0.849257861416609,0.993371139928155,"No"
"STK32C",0.0159413450775334,7142,0.828182524094428,0.993371139928155,"No"
"SIPA1L3",0.0158419459065136,7155,0.866589411321049,0.994615736889418,"No"
"ZNF79",0.015580480029066,7176,0.695068222015239,0.98263152052947,"No"
"RPS19",0.0154562226899131,7182,0.892503709670858,0.995443154842405,"No"
"MRPL54",0.0152296858022014,7196,0.873845251080392,0.995379202197669,"No"
"RHOT2",0.0146105553100035,7246,0.861228835334566,0.993371139928155,"No"
"SOCS1",0.0145911630794213,7251,0.894251001239379,0.995443154842405,"No"
"CDC34",0.0144017077746348,7274,0.856118449286117,0.993371139928155,"No"
"GINS4",0.0143793572048057,7276,0.796707447048125,0.988741473863441,"No"
"MRPL23",0.0140857158794105,7307,0.880578235918091,0.995379202197669,"No"
"ZNF358",0.0140796716139153,7308,0.900402725947955,0.99632022454381,"No"
"CCNK",0.0139845258454152,7323,0.791031713361674,0.988741473863441,"No"
"SNRPB",0.0137125521421897,7342,0.874089216686062,0.995379202197669,"No"
"SPRN",0.0134144733521508,7368,0.796097752343594,0.988741473863441,"No"
"MT-CO1",0.0133858306094048,7371,0.935919182090926,0.996624672772691,"No"
"UBALD2",0.0132775070671443,7383,0.874393442580578,0.995379202197669,"No"
"SH2B2",0.0130913565877602,7403,0.859833533428375,0.993371139928155,"No"
"SNRPD2",0.0130322149972146,7415,0.889236497351194,0.995443154842405,"No"
"RPL18",0.0129570534950663,7422,0.899081267935294,0.99632022454381,"No"
"C1orf159",0.0129005447668944,7428,0.860817901743256,0.993371139928155,"No"
"LYPD3",0.0126599096752709,7447,0.901441014137013,0.99632022454381,"No"
"MCM3AP",0.0125815336747794,7456,0.875415045845299,0.995379202197669,"No"
"HSPBP1",0.0116575399326333,7548,0.890309152382866,0.995443154842405,"No"
"ISG15",0.0116226880051133,7551,0.958195576062299,0.997215746486835,"No"
"NFKBIL1",0.0109270437700468,7622,0.892660465132876,0.995443154842405,"No"
"IGSF8",0.0108286410068255,7632,0.902955069082276,0.996358573510895,"No"
"MAPK15",0.0107907951277961,7637,0.932742768117054,0.996624672772691,"No"
"CDKN1C",0.0107004287363899,7648,0.920469584959733,0.99644262950454,"No"
"MIIP",0.0106484561517215,7657,0.896012514905643,0.995443154842405,"No"
"TMEM141",0.00996016496153729,7727,0.935331259964076,0.996624672772691,"No"
"SF3B5",0.0090789249092591,7810,0.918393125991045,0.996396890482989,"No"
"ISY1",0.00899086635209478,7823,0.868488377513234,0.994917113188425,"No"
"LSM7",0.00885621583748808,7838,0.927455815684134,0.996624672772691,"No"
"CPNE7",0.0085100652477017,7870,0.958585980157024,0.997222784565065,"No"
"WRAP53",0.00837741460386643,7891,0.868239891495364,0.994817377557988,"No"
"ZNF699",0.00819102545017736,7912,0.83916845606144,0.993371139928155,"No"
"EDC4",0.00810517230285956,7921,0.91583628374621,0.996396890482989,"No"
"RELL1",0.00793437068417013,7938,0.922695984178074,0.996624672772691,"No"
"TRIM44",0.00748919882602062,7976,0.901857103030088,0.996346865179718,"No"
"ZNF444",0.00729311011897948,7995,0.9342880536552,0.996624672772691,"No"
"C1orf50",0.00658156746754379,8075,0.887185349164811,0.995443154842405,"No"
"MGMT",0.00609514614287576,8124,0.946895928548411,0.996725389280917,"No"
"CBY3",0.0060845767053741,8127,0.892049219167469,0.995443154842405,"No"
"STARD10",0.00606131012893574,8134,0.960309532603979,0.997222784565065,"No"
"HPR",0.00568008922679719,8169,0.96662784247863,0.997726456533199,"No"
"C1orf35",0.00556089217720723,8188,0.941942448880928,0.996725389280917,"No"
"MLST8",0.00482340623212263,8258,0.950075593509877,0.996725389280917,"No"
"PEX16",0.00440012854888971,8313,0.945476961186878,0.996725389280917,"No"
"CENPM",0.00412711214888839,8340,0.97037168105172,0.997726456533199,"No"
"TRIM32",0.00410265693030176,8343,0.954897343690298,0.996725389280917,"No"
"RPL36",0.00383380269087752,8374,0.97224021255537,0.997726456533199,"No"
"IDUA",0.00319116677435449,8453,0.976655746887514,0.997885184331778,"No"
"ZNF414",0.00310178464760646,8464,0.968477274027947,0.997726456533199,"No"
"NCAPG2",0.00276033216844618,8511,0.972510185330101,0.997726456533199,"No"
"ZNF428",0.00231632440501395,8562,0.980565991154427,0.998081871992528,"No"
"GAGE13",0.00214093774452968,8587,0.334690806032987,0.961953958507263,"No"
"SMARCC2",0.00203882162592839,8604,0.981297132130663,0.998196402937929,"No"
"FUOM",0.00168942333706301,8636,0.990507648896373,0.998927071480386,"No"
"WDR18",0.00154846480856374,8653,0.98632964465697,0.998713329255063,"No"
"PCDH11Y",0.00147518415950995,8668,0.975624884087185,0.997732768293417,"No"
"SLC7A11",0.00141578467655457,8675,0.988288013485229,0.998927071480386,"No"
"KBTBD4",0.00100640485834314,8722,0.985085940086933,0.998595814612682,"No"
"KLF13",0.000976806095061455,8725,0.99263095918679,0.999135969933079,"No"
"NRGN",0.000820580002468985,8747,0.994565405779193,0.999600306280909,"No"
"POLA2",3.320401673923e-05,8828,0.999520938944542,0.999954937822931,"No"
"UQCC3",-0.000628115014649211,8937,0.994477231473204,0.999600306280909,"No"
"COMMD3",-0.00069985460156774,8943,0.99265040541684,0.999135969933079,"No"
"KPNB1",-0.000701720267013428,8944,0.9906984214786,0.998927071480386,"No"
"FNDC10",-0.00109995359323767,9017,0.993433123596121,0.999367356118881,"No"
"MPDU1",-0.00172369071422462,9105,0.984530145711551,0.998574564419803,"No"
"ALDH16A1",-0.0019257833215387,9123,0.979748029957353,0.997913735146938,"No"
"IL1RAPL1",-0.00205944909714956,9141,0.979183459016177,0.997885184331778,"No"
"ARL2",-0.00221468604314534,9162,0.9811874353887,0.998196402937929,"No"
"FBXW8",-0.0033320101626817,9338,0.958246153023562,0.997215746486835,"No"
"NDE1",-0.00362899380202886,9382,0.957041457755459,0.997207795585575,"No"
"EXOC7",-0.00412584525359216,9453,0.95198700102995,0.996725389280917,"No"
"SIRT6",-0.00457310345267103,9521,0.945571433871042,0.996725389280917,"No"
"KAT5",-0.00480036747560542,9578,0.925440045461913,0.996624672772691,"No"
"WASHC2C",-0.00545406337816745,9711,0.932485901835263,0.996624672772691,"No"
"FKBP2",-0.00561264694941532,9738,0.92427041929882,0.996624672772691,"No"
"MT-ND2",-0.00576172708739797,9759,0.973718699814587,0.997726456533199,"No"
"PGAM4",-0.00631392729318457,9853,0.78508190965212,0.988741473863441,"No"
"NAPRT",-0.00657850448914221,9906,0.959344196954791,0.997222784565065,"No"
"PTP4A3",-0.00675587491742746,9942,0.963414227065491,0.997726456533199,"No"
"SPATC1L",-0.00685895529449487,9957,0.960681109380448,0.997222784565065,"No"
"PARL",-0.0069218397478088,9970,0.93305117780437,0.996624672772691,"No"
"NDUFB9",-0.00768372869903899,10090,0.932180519649866,0.996624672772691,"No"
"BORCS8",-0.00770121796129031,10093,0.886202542977986,0.995443154842405,"No"
"CSNK2A3",-0.00779144650062,10113,0.7844100827612,0.988741473863441,"No"
"MYO5A",-0.00884354506266738,10316,0.903593709099778,0.996396890482989,"No"
"MFSD10",-0.00939211072898871,10428,0.914630933170099,0.996396890482989,"No"
"DDX19A",-0.00953693333496153,10461,0.821872096592333,0.99286452604996,"No"
"MANF",-0.0101549124345039,10577,0.908615225014681,0.996396890482989,"No"
"TIMP1",-0.0105054684817558,10645,0.949030453673965,0.996725389280917,"No"
"TRAPPC2L",-0.0105301951905554,10650,0.895115187952854,0.995443154842405,"No"
"MCRIP1",-0.0107196647954408,10685,0.904124132483501,0.996396890482989,"No"
"ZNF621",-0.0107506847722574,10694,0.848035752205044,0.993371139928155,"No"
"HDHD3",-0.0108715825436629,10714,0.901512639238297,0.99632022454381,"No"
"ZNF688",-0.0110263748727619,10748,0.887220987796799,0.995443154842405,"No"
"TMEM208",-0.0116439208843451,10876,0.898026734573393,0.996295722011697,"No"
"SAC3D1",-0.0120883132329572,10963,0.891706942489601,0.995443154842405,"No"
"ITPA",-0.0125266957045538,11035,0.871909691309595,0.995379202197669,"No"
"PHKG2",-0.0127136470822808,11073,0.837003496653103,0.993371139928155,"No"
"ZNF749",-0.012914222247989,11104,0.802626537207648,0.988741473863441,"No"
"TUT1",-0.0130947124536211,11140,0.847866760952095,0.993371139928155,"No"
"SLITRK3",-0.0139972605287745,11326,0.739235898827863,0.98671061370522,"No"
"SOWAHB",-0.0140508383332929,11336,0.866883845851829,0.994615736889418,"No"
"PSMG3",-0.0145819142716244,11433,0.869375675191989,0.994992616161144,"No"
"SPON2",-0.015019431634042,11514,0.960624876267834,0.997222784565065,"No"
"TSEN54",-0.0151956136555249,11548,0.822000922254558,0.99290769785821,"No"
"SLC27A5",-0.0154031296889461,11595,0.896107549511005,0.995443154842405,"No"
"ZNF205",-0.0155793306491345,11624,0.855605562834922,0.993371139928155,"No"
"PRPF31",-0.0156147244907014,11631,0.815013796096246,0.990428074519632,"No"
"GALK1",-0.015640067565541,11640,0.857835994243341,0.993371139928155,"No"
"EFL1",-0.0156790835607419,11653,0.809396900224836,0.988741473863441,"No"
"TMEM219",-0.0159021507871202,11693,0.837725671170091,0.993371139928155,"No"
"CHDH",-0.016262588991482,11741,0.874015105194276,0.995379202197669,"No"
"MT-CYB",-0.0163668843180993,11761,0.921294245896763,0.996517132071385,"No"
"TPR",-0.0171939883304164,11889,0.824038029520144,0.993248477138628,"No"
"RHBDD3",-0.0174066749531709,11922,0.834208026086716,0.993371139928155,"No"
"RASSF7",-0.0176613066723341,11957,0.879742846389333,0.995379202197669,"No"
"RPS9",-0.0178572052748081,11987,0.858281370513936,0.993371139928155,"No"
"GAS6",-0.0182546739644494,12058,0.877527647852245,0.995379202197669,"No"
"ZNF837",-0.0185682574985753,12104,0.794339001195781,0.988741473863441,"No"
"CDT1",-0.0189362742403028,12163,0.863937817245975,0.993917146205877,"No"
"MT1G",-0.0195279994793705,12254,0.948734546108703,0.996725389280917,"No"
"RPS15",-0.0195464571015442,12258,0.860472371726813,0.993371139928155,"No"
"DCAF8",-0.0196542243375117,12273,0.699076428176677,0.982941951275926,"No"
"LRRC45",-0.0198674210889309,12318,0.827808906492618,0.993371139928155,"No"
"ARFGAP1",-0.0208054465659204,12451,0.767083430017531,0.988070096138049,"No"
"ARMC5",-0.0210135539863714,12476,0.751193574235882,0.988070096138049,"No"
"PDZK1IP1",-0.021093117498292,12486,0.929921141296915,0.996624672772691,"No"
"CENPS",-0.0211720999506553,12500,0.717353954646404,0.98595061929778,"No"
"TMEM107",-0.0218710154899733,12603,0.718715830976181,0.98595061929778,"No"
"MED1",-0.022333959502006,12675,0.746593841764929,0.987904232899193,"No"
"ACBD7",-0.0225797837487943,12707,0.771742189512405,0.988741473863441,"No"
"NT5C2",-0.0229727537365267,12765,0.805938453695435,0.988741473863441,"No"
"ITPR3",-0.0230063647479279,12768,0.870368526420158,0.995118942329703,"No"
"MCM2",-0.0239630025132316,12892,0.820412129181005,0.992478704834459,"No"
"PABPN1",-0.024731167079882,12981,0.780144939411027,0.988741473863441,"No"
"RAMP1",-0.0248910923403596,12998,0.90223713748721,0.996358573510895,"No"
"TTC3",-0.0268611759481328,13233,0.685599577293051,0.98263152052947,"No"
"HRAS",-0.0270415451961004,13249,0.761442641455079,0.988070096138049,"No"
"MBD3",-0.0271259485332886,13260,0.734405607949212,0.986318354041964,"No"
"RPS18",-0.0273786698584537,13283,0.807872821350794,0.988741473863441,"No"
"C2orf76",-0.027491535012067,13294,0.715397266533416,0.985753432058228,"No"
"RPP25L",-0.0275713716412529,13302,0.746330245840011,0.987904232899193,"No"
"RPL34",-0.0284912025196071,13401,0.791688561309475,0.988741473863441,"No"
"SELENOH",-0.0287096239597098,13423,0.743315288569964,0.987904232899193,"No"
"MT-ND1",-0.0287646725417652,13427,0.868728160251721,0.994917113188425,"No"
"SRSF2",-0.0288436442222624,13438,0.674971180001365,0.982229028624857,"No"
"COMMD4",-0.0293312283138256,13489,0.698333984198802,0.982941951275926,"No"
"ASPSCR1",-0.029376639520978,13493,0.71437796602925,0.985753432058228,"No"
"ANKRD10",-0.0298653600042389,13539,0.735734575504068,0.986318354041964,"No"
"FBXL6",-0.0312632521125442,13673,0.739263063035365,0.98671061370522,"No"
"MRPL51",-0.0316707375246104,13714,0.710254571152678,0.985753432058228,"No"
"LAGE3",-0.0318391389358412,13738,0.735500424705925,0.986318354041964,"No"
"MRPL14",-0.0318853788311939,13745,0.709835019289204,0.985753432058228,"No"
"NAT14",-0.0322814683824837,13782,0.752403931760667,0.988070096138049,"No"
"PMF1",-0.0327309753710945,13826,0.644941870474155,0.981334617669311,"No"
"MAGEA4",-0.0329031764310054,13845,0.477332098419876,0.962613387123402,"No"
"NSMCE1",-0.033622473426977,13917,0.740186149087138,0.986791821456713,"No"
"AP2S1",-0.0342206952320838,13975,0.719946453358548,0.98595061929778,"No"
"F12",-0.0351878725801527,14058,0.799750265321567,0.988741473863441,"No"
"CDCA7L",-0.0358753274770776,14130,0.762851598153956,0.988070096138049,"No"
"SFT2D1",-0.0377744713888717,14285,0.65427181352445,0.981791940588791,"No"
"EMC9",-0.0378104634511534,14290,0.654993782486536,0.981791940588791,"No"
"ADCK5",-0.0381130121779347,14310,0.698681132961499,0.982941951275926,"No"
"GLI4",-0.0381457376279384,14315,0.698841233076165,0.982941951275926,"No"
"CCDC106",-0.038895210936138,14377,0.625135649067936,0.978425777047414,"No"
"ACTL10",-0.0391411576686328,14396,0.426429370233273,0.962613387123402,"No"
"ATAD3B",-0.0393857251082981,14413,0.685426863026061,0.98263152052947,"No"
"ULBP3",-0.0396950286169989,14441,0.435539774778695,0.962613387123402,"No"
"EVC",-0.0400684594869838,14467,0.694332060407712,0.98263152052947,"No"
"CHID1",-0.0408622219914543,14533,0.551769287886643,0.972817794316773,"No"
"SPPL2B",-0.0410561497334236,14547,0.638801525266234,0.980271327308636,"No"
"LTB4R",-0.0411771238456657,14556,0.68628157974498,0.98263152052947,"No"
"KCNK7",-0.0420345109831616,14621,0.229936901651364,0.961953958507263,"No"
"RPL28",-0.0423251999250418,14637,0.688381297684547,0.98263152052947,"No"
"BIRC5",-0.0424371178770477,14646,0.736764865449669,0.986318354041964,"No"
"TGFBR3L",-0.0424407323363605,14647,0.466778341293178,0.962613387123402,"No"
"SLC50A1",-0.0425076644632014,14654,0.657760513950809,0.981791940588791,"No"
"PYM1",-0.0425097357934252,14655,0.527351881735057,0.96948596552666,"No"
"ZNF581",-0.0431309530458428,14696,0.622213021244347,0.978425777047414,"No"
"CD63",-0.0442390160858253,14777,0.611675235795854,0.974932181681848,"No"
"REM2",-0.044666374081498,14808,0.29695679859518,0.961953958507263,"No"
"HSCB",-0.0452194983111509,14850,0.566817221874682,0.973952866602945,"No"
"CDK10",-0.045261374001897,14854,0.644213551523755,0.981334617669311,"No"
"BAX",-0.0469481758962695,14962,0.535976992520422,0.971231526571388,"No"
"SLC22A31",-0.0471581909438038,14985,0.697117506755938,0.982912076835657,"No"
"CAPS",-0.0471943192952877,14988,0.706656745017287,0.984389346126369,"No"
"CST3",-0.0478007644076657,15026,0.690945798428935,0.98263152052947,"No"
"RPS16",-0.0484213873620138,15057,0.666779265276837,0.982112758884219,"No"
"FOXN3",-0.0485802841599914,15067,0.56276419149962,0.973287603912645,"No"
"AMH",-0.0485885828166299,15068,0.726584637217838,0.98595061929778,"No"
"RPA3",-0.0490092624142524,15097,0.526823574560054,0.969256169571496,"No"
"TARBP2",-0.049700694419557,15148,0.387262467680918,0.961953958507263,"No"
"DTYMK",-0.0500645007810232,15168,0.533123963107181,0.970119659454904,"No"
"PSMD13",-0.0503129487333114,15182,0.476721689294533,0.962613387123402,"No"
"PFDN6",-0.0516955572769864,15265,0.518610733152737,0.968868653437711,"No"
"ATP11A",-0.0530393514897631,15343,0.701953630795439,0.984387797569624,"No"
"SLC22A23",-0.0537942016235422,15389,0.595104151771129,0.974889403904491,"No"
"WDR88",-0.054246907163641,15418,0.251222486941271,0.961953958507263,"No"
"ANKS3",-0.0551058582913826,15462,0.485542322436215,0.963535743091324,"No"
"PIH1D1",-0.0566926797968685,15548,0.368930888681569,0.961953958507263,"No"
"SNRNP70",-0.0574347005248175,15585,0.565183879508774,0.973952866602945,"No"
"RPS12",-0.0589923709706071,15677,0.586391147573907,0.974889403904491,"No"
"AKAP8L",-0.0597764723590117,15720,0.363981139364344,0.961953958507263,"No"
"TRPT1",-0.0598504523095631,15726,0.429149580069946,0.962613387123402,"No"
"MRPL27",-0.0600806043651443,15738,0.424690640212048,0.962613387123402,"No"
"PNPLA7",-0.060185288900958,15741,0.58631053985329,0.974889403904491,"No"
"LPIN2",-0.0613508884065443,15799,0.431099720561789,0.962613387123402,"No"
"BRICD5",-0.0614939952457594,15807,0.483339326470819,0.963200917764286,"No"
"SMPD2",-0.0623269619720714,15852,0.43991781749472,0.962613387123402,"No"
"TAF6L",-0.0623690820770966,15855,0.258957791937865,0.961953958507263,"No"
"THAP3",-0.0626891990369791,15864,0.238982043371865,0.961953958507263,"No"
"NOSIP",-0.0641181110595328,15937,0.398451884532254,0.962613387123402,"No"
"PARD6A",-0.0642753655212993,15945,0.4842707446153,0.963535743091324,"No"
"STX10",-0.0657373074261818,16011,0.336600813960071,0.961953958507263,"No"
"WASHC1",-0.0673907502934614,16086,0.466478193432537,0.962613387123402,"No"
"UTRN",-0.0677274688727731,16103,0.567795617783833,0.973952866602945,"No"
"RPL27A",-0.0677684332119011,16105,0.499067024135326,0.965425622265064,"No"
"DRD4",-0.0680778658961227,16117,0.258707705369372,0.961953958507263,"No"
"PCDHGC3",-0.0684857142293884,16131,0.512072347045153,0.968247522012059,"No"
"CDKN2A",-0.0692825381650639,16170,0.519895956344797,0.968868653437711,"No"
"SAT2",-0.0708690505893177,16230,0.483412319299316,0.963200917764286,"No"
"RAB19",-0.072858383293908,16319,0.381536743625468,0.961953958507263,"No"
"NENF",-0.0730053857292905,16328,0.475047948947671,0.962613387123402,"No"
"GSTO1",-0.0736225206837062,16345,0.495200526530301,0.965425622265064,"No"
"MESP2",-0.07524038755906,16414,0.347089149229455,0.961953958507263,"No"
"SPAG7",-0.075496473558105,16421,0.25739171305122,0.961953958507263,"No"
"SDHAF2",-0.0768791234238955,16482,0.28472711872888,0.961953958507263,"No"
"SLC39A4",-0.0769065617282174,16483,0.539053163672087,0.971231526571388,"No"
"TNC",-0.0781682785326647,16513,0.634543105992585,0.979880563677205,"No"
"MESP1",-0.078473053039382,16525,0.695460826650609,0.98263152052947,"No"
"PSMB3",-0.0785185741931729,16526,0.347995295203317,0.961953958507263,"No"
"POLR2H",-0.0788648854504688,16544,0.253832552205396,0.961953958507263,"No"
"TMEM158",-0.0793564790686441,16559,0.537977577057851,0.971231526571388,"No"
"FAM229A",-0.0823948384746576,16644,0.398048470957285,0.962613387123402,"No"
"EEF1E1",-0.0825412298826955,16650,0.309613390236902,0.961953958507263,"No"
"TNFRSF14",-0.0827720650270622,16657,0.447102063090256,0.962613387123402,"No"
"KPTN",-0.0837079190572303,16676,0.213035905737914,0.961953958507263,"No"
"UCN",-0.0842419822216631,16690,0.432001194309207,0.962613387123402,"No"
"DHRS4L2",-0.0848834731217569,16710,0.313768735143627,0.961953958507263,"No"
"IRF3",-0.0851448533162271,16721,0.26861951000712,0.961953958507263,"No"
"NPW",-0.0863597675657558,16748,0.397314017431352,0.962613387123402,"No"
"LUC7L3",-0.0875163910674672,16774,0.237229994991195,0.961953958507263,"No"
"C1QL1",-0.0876946559305386,16779,0.339961356364813,0.961953958507263,"No"
"CCS",-0.0885872944655066,16806,0.286537632309917,0.961953958507263,"No"
"SYTL1",-0.0909802333742293,16862,0.486873966915692,0.963535743091324,"No"
"DDAH2",-0.0921730371091973,16908,0.303333247111117,0.961953958507263,"No"
"E2F1",-0.0927036193267559,16929,0.383381378060503,0.961953958507263,"No"
"PRIM1",-0.0953015098323362,16983,0.193695306359022,0.961953958507263,"No"
"NUDT1",-0.0975654181572634,17030,0.301071620135873,0.961953958507263,"No"
"PRR36",-0.0988297032513943,17064,0.394251437054584,0.962613387123402,"No"
"TMEM205",-0.0989551902816999,17068,0.354320736951359,0.961953958507263,"No"
"MT-CO2",-0.100332930876574,17098,0.515213660807804,0.968669536365984,"No"
"MXD3",-0.102913155290106,17161,0.250432044797936,0.961953958507263,"No"
"TIGD3",-0.103311125041383,17172,0.0441365407968669,0.954822705704888,"No"
"FTL",-0.103863861339283,17181,0.270949799648811,0.961953958507263,"No"
"LMNTD2",-0.104233915354129,17190,0.341785184440345,0.961953958507263,"No"
"MFSD13A",-0.104261033083602,17191,0.149297891844747,0.961953958507263,"No"
"KMT5C",-0.104711440189935,17200,0.162776244412512,0.961953958507263,"No"
"BCL2L12",-0.104813944393535,17204,0.216191345476229,0.961953958507263,"No"
"ZNF692",-0.107030236732436,17237,0.3369118559003,0.961953958507263,"No"
"S100A4",-0.108002509757906,17254,0.549268213611655,0.972817794316773,"No"
"CCNE2",-0.108625686400824,17265,0.16046084971734,0.961953958507263,"No"
"CYSRT1",-0.112070383173094,17326,0.281290080240025,0.961953958507263,"No"
"HMBS",-0.112229806053793,17328,0.276486548724743,0.961953958507263,"No"
"FBLL1",-0.112352062915404,17329,0.428765876375268,0.962613387123402,"No"
"KAT2A",-0.112962979298199,17346,0.234506860072517,0.961953958507263,"No"
"SCX",-0.11461237456852,17372,0.343599497551625,0.961953958507263,"No"
"TFPT",-0.119394397382788,17423,0.212389317281341,0.961953958507263,"No"
"SCARF2",-0.122434853257706,17464,0.233228406382561,0.961953958507263,"No"
"C4orf48",-0.122896478707836,17469,0.455522352236987,0.962613387123402,"No"
"CSAD",-0.122985030522456,17472,0.276350443106925,0.961953958507263,"No"
"CCDC28B",-0.12491324248348,17496,0.109545259501301,0.961953958507263,"No"
"DLL3",-0.126416258939894,17509,0.165458674819627,0.961953958507263,"No"
"PARP10",-0.126835899389662,17520,0.348196269850733,0.961953958507263,"No"
"LSM2",-0.12709998251426,17521,0.116058712681573,0.961953958507263,"No"
"DMAP1",-0.128876879788637,17546,0.0410739521454115,0.946461951517157,"No"
"UBE2C",-0.132412032438876,17590,0.364934615968938,0.961953958507263,"No"
"AURKB",-0.133829080491834,17610,0.229942781059209,0.961953958507263,"No"
"NOXA1",-0.135249409873302,17621,0.304494951515388,0.961953958507263,"No"
"ENTPD5",-0.136055544025146,17633,0.411169232518301,0.962613387123402,"No"
"HSD3B7",-0.13667270010693,17637,0.196941056476588,0.961953958507263,"No"
"PIDD1",-0.136698126337349,17639,0.167804403219131,0.961953958507263,"No"
"LUC7L",-0.137004162918506,17642,0.143446574812985,0.961953958507263,"No"
"LY6E",-0.139770898858441,17677,0.32302609075581,0.961953958507263,"No"
"PRR22",-0.140565747181089,17687,0.146010828096123,0.961953958507263,"No"
"MT1F",-0.142903711174745,17709,0.489003468410129,0.963535743091324,"No"
"NNMT",-0.150958027264462,17784,0.397432645569381,0.962613387123402,"No"
"GRPR",-0.155398960410415,17815,0.182184785704391,0.961953958507263,"No"
"IFI6",-0.158575614226002,17839,0.494955290638097,0.965425622265064,"No"
"CLEC11A",-0.179956820825947,17969,0.18300185259861,0.961953958507263,"No"
"ABCC4",-0.188947565220106,18020,0.308921227475809,0.961953958507263,"No"
"IRF7",-0.190130078606326,18021,0.0851978770096725,0.961953958507263,"No"
"KAZALD1",-0.220163915729145,18107,0.159066712947022,0.961953958507263,"No"
"APP",-0.229124356149534,18127,0.0803416312504531,0.961953958507263,"No"
"NUDT8",-0.236642460731209,18140,0.251452337061287,0.961953958507263,"No"
"SFN",-0.276501746425335,18201,0.25425789218207,0.961953958507263,"No"
"HES6",-0.302272078426688,18225,0.0665187109375979,0.961953958507263,"No"
"TFF3",-0.540484743528032,18270,0.0682555636378265,0.961953958507263,"No"
